idx,src_node_id,src_idx,src_optode_name,src_wl,src_coords_3d,det_node_id,det_idx,det_optode_name,det_coords_3d
1,1,1,A,735,,1,1,1,
2,1,1,A,735,,1,2,2,
3,1,1,A,735,,1,3,3,
4,1,1,A,735,,1,4,4,
5,1,1,A,735,,2,1,1,
6,1,1,A,735,,2,2,2,
7,1,1,A,735,,2,3,3,
8,1,1,A,735,,2,4,4,
9,1,1,A,735,,3,1,1,
10,1,1,A,735,,3,2,2,
11,1,1,A,735,,3,3,3,
12,1,1,A,735,,3,4,4,
13,1,1,A,735,,4,1,1,
14,1,1,A,735,,4,2,2,
15,1,1,A,735,,4,3,3,
16,1,1,A,735,,4,4,4,
17,1,1,A,735,,5,1,1,
18,1,1,A,735,,5,2,2,
19,1,1,A,735,,5,3,3,
20,1,1,A,735,,5,4,4,
21,1,1,A,735,,6,1,1,
22,1,1,A,735,,6,2,2,
23,1,1,A,735,,6,3,3,
24,1,1,A,735,,6,4,4,
25,1,1,A,735,,7,1,1,
26,1,1,A,735,,7,2,2,
27,1,1,A,735,,7,3,3,
28,1,1,A,735,,7,4,4,
29,1,1,A,735,,8,1,1,
30,1,1,A,735,,8,2,2,
31,1,1,A,735,,8,3,3,
32,1,1,A,735,,8,4,4,
33,1,1,A,735,,9,1,1,
34,1,1,A,735,,9,2,2,
35,1,1,A,735,,9,3,3,
36,1,1,A,735,,9,4,4,
37,1,1,A,735,,10,1,1,
38,1,1,A,735,,10,2,2,
39,1,1,A,735,,10,3,3,
40,1,1,A,735,,10,4,4,
41,1,1,A,735,,11,1,1,
42,1,1,A,735,,11,2,2,
43,1,1,A,735,,11,3,3,
44,1,1,A,735,,11,4,4,
45,1,1,A,735,,12,1,1,
46,1,1,A,735,,12,2,2,
47,1,1,A,735,,12,3,3,
48,1,1,A,735,,12,4,4,
49,1,2,B,735,,1,1,1,
50,1,2,B,735,,1,2,2,
51,1,2,B,735,,1,3,3,
52,1,2,B,735,,1,4,4,
53,1,2,B,735,,2,1,1,
54,1,2,B,735,,2,2,2,
55,1,2,B,735,,2,3,3,
56,1,2,B,735,,2,4,4,
57,1,2,B,735,,3,1,1,
58,1,2,B,735,,3,2,2,
59,1,2,B,735,,3,3,3,
60,1,2,B,735,,3,4,4,
61,1,2,B,735,,4,1,1,
62,1,2,B,735,,4,2,2,
63,1,2,B,735,,4,3,3,
64,1,2,B,735,,4,4,4,
65,1,2,B,735,,5,1,1,
66,1,2,B,735,,5,2,2,
67,1,2,B,735,,5,3,3,
68,1,2,B,735,,5,4,4,
69,1,2,B,735,,6,1,1,
70,1,2,B,735,,6,2,2,
71,1,2,B,735,,6,3,3,
72,1,2,B,735,,6,4,4,
73,1,2,B,735,,7,1,1,
74,1,2,B,735,,7,2,2,
75,1,2,B,735,,7,3,3,
76,1,2,B,735,,7,4,4,
77,1,2,B,735,,8,1,1,
78,1,2,B,735,,8,2,2,
79,1,2,B,735,,8,3,3,
80,1,2,B,735,,8,4,4,
81,1,2,B,735,,9,1,1,
82,1,2,B,735,,9,2,2,
83,1,2,B,735,,9,3,3,
84,1,2,B,735,,9,4,4,
85,1,2,B,735,,10,1,1,
86,1,2,B,735,,10,2,2,
87,1,2,B,735,,10,3,3,
88,1,2,B,735,,10,4,4,
89,1,2,B,735,,11,1,1,
90,1,2,B,735,,11,2,2,
91,1,2,B,735,,11,3,3,
92,1,2,B,735,,11,4,4,
93,1,2,B,735,,12,1,1,
94,1,2,B,735,,12,2,2,
95,1,2,B,735,,12,3,3,
96,1,2,B,735,,12,4,4,
97,1,3,C,735,,1,1,1,
98,1,3,C,735,,1,2,2,
99,1,3,C,735,,1,3,3,
100,1,3,C,735,,1,4,4,
101,1,3,C,735,,2,1,1,
102,1,3,C,735,,2,2,2,
103,1,3,C,735,,2,3,3,
104,1,3,C,735,,2,4,4,
105,1,3,C,735,,3,1,1,
106,1,3,C,735,,3,2,2,
107,1,3,C,735,,3,3,3,
108,1,3,C,735,,3,4,4,
109,1,3,C,735,,4,1,1,
110,1,3,C,735,,4,2,2,
111,1,3,C,735,,4,3,3,
112,1,3,C,735,,4,4,4,
113,1,3,C,735,,5,1,1,
114,1,3,C,735,,5,2,2,
115,1,3,C,735,,5,3,3,
116,1,3,C,735,,5,4,4,
117,1,3,C,735,,6,1,1,
118,1,3,C,735,,6,2,2,
119,1,3,C,735,,6,3,3,
120,1,3,C,735,,6,4,4,
121,1,3,C,735,,7,1,1,
122,1,3,C,735,,7,2,2,
123,1,3,C,735,,7,3,3,
124,1,3,C,735,,7,4,4,
125,1,3,C,735,,8,1,1,
126,1,3,C,735,,8,2,2,
127,1,3,C,735,,8,3,3,
128,1,3,C,735,,8,4,4,
129,1,3,C,735,,9,1,1,
130,1,3,C,735,,9,2,2,
131,1,3,C,735,,9,3,3,
132,1,3,C,735,,9,4,4,
133,1,3,C,735,,10,1,1,
134,1,3,C,735,,10,2,2,
135,1,3,C,735,,10,3,3,
136,1,3,C,735,,10,4,4,
137,1,3,C,735,,11,1,1,
138,1,3,C,735,,11,2,2,
139,1,3,C,735,,11,3,3,
140,1,3,C,735,,11,4,4,
141,1,3,C,735,,12,1,1,
142,1,3,C,735,,12,2,2,
143,1,3,C,735,,12,3,3,
144,1,3,C,735,,12,4,4,
145,1,4,A,850,,1,1,1,
146,1,4,A,850,,1,2,2,
147,1,4,A,850,,1,3,3,
148,1,4,A,850,,1,4,4,
149,1,4,A,850,,2,1,1,
150,1,4,A,850,,2,2,2,
151,1,4,A,850,,2,3,3,
152,1,4,A,850,,2,4,4,
153,1,4,A,850,,3,1,1,
154,1,4,A,850,,3,2,2,
155,1,4,A,850,,3,3,3,
156,1,4,A,850,,3,4,4,
157,1,4,A,850,,4,1,1,
158,1,4,A,850,,4,2,2,
159,1,4,A,850,,4,3,3,
160,1,4,A,850,,4,4,4,
161,1,4,A,850,,5,1,1,
162,1,4,A,850,,5,2,2,
163,1,4,A,850,,5,3,3,
164,1,4,A,850,,5,4,4,
165,1,4,A,850,,6,1,1,
166,1,4,A,850,,6,2,2,
167,1,4,A,850,,6,3,3,
168,1,4,A,850,,6,4,4,
169,1,4,A,850,,7,1,1,
170,1,4,A,850,,7,2,2,
171,1,4,A,850,,7,3,3,
172,1,4,A,850,,7,4,4,
173,1,4,A,850,,8,1,1,
174,1,4,A,850,,8,2,2,
175,1,4,A,850,,8,3,3,
176,1,4,A,850,,8,4,4,
177,1,4,A,850,,9,1,1,
178,1,4,A,850,,9,2,2,
179,1,4,A,850,,9,3,3,
180,1,4,A,850,,9,4,4,
181,1,4,A,850,,10,1,1,
182,1,4,A,850,,10,2,2,
183,1,4,A,850,,10,3,3,
184,1,4,A,850,,10,4,4,
185,1,4,A,850,,11,1,1,
186,1,4,A,850,,11,2,2,
187,1,4,A,850,,11,3,3,
188,1,4,A,850,,11,4,4,
189,1,4,A,850,,12,1,1,
190,1,4,A,850,,12,2,2,
191,1,4,A,850,,12,3,3,
192,1,4,A,850,,12,4,4,
193,1,5,B,850,,1,1,1,
194,1,5,B,850,,1,2,2,
195,1,5,B,850,,1,3,3,
196,1,5,B,850,,1,4,4,
197,1,5,B,850,,2,1,1,
198,1,5,B,850,,2,2,2,
199,1,5,B,850,,2,3,3,
200,1,5,B,850,,2,4,4,
201,1,5,B,850,,3,1,1,
202,1,5,B,850,,3,2,2,
203,1,5,B,850,,3,3,3,
204,1,5,B,850,,3,4,4,
205,1,5,B,850,,4,1,1,
206,1,5,B,850,,4,2,2,
207,1,5,B,850,,4,3,3,
208,1,5,B,850,,4,4,4,
209,1,5,B,850,,5,1,1,
210,1,5,B,850,,5,2,2,
211,1,5,B,850,,5,3,3,
212,1,5,B,850,,5,4,4,
213,1,5,B,850,,6,1,1,
214,1,5,B,850,,6,2,2,
215,1,5,B,850,,6,3,3,
216,1,5,B,850,,6,4,4,
217,1,5,B,850,,7,1,1,
218,1,5,B,850,,7,2,2,
219,1,5,B,850,,7,3,3,
220,1,5,B,850,,7,4,4,
221,1,5,B,850,,8,1,1,
222,1,5,B,850,,8,2,2,
223,1,5,B,850,,8,3,3,
224,1,5,B,850,,8,4,4,
225,1,5,B,850,,9,1,1,
226,1,5,B,850,,9,2,2,
227,1,5,B,850,,9,3,3,
228,1,5,B,850,,9,4,4,
229,1,5,B,850,,10,1,1,
230,1,5,B,850,,10,2,2,
231,1,5,B,850,,10,3,3,
232,1,5,B,850,,10,4,4,
233,1,5,B,850,,11,1,1,
234,1,5,B,850,,11,2,2,
235,1,5,B,850,,11,3,3,
236,1,5,B,850,,11,4,4,
237,1,5,B,850,,12,1,1,
238,1,5,B,850,,12,2,2,
239,1,5,B,850,,12,3,3,
240,1,5,B,850,,12,4,4,
241,1,6,C,850,,1,1,1,
242,1,6,C,850,,1,2,2,
243,1,6,C,850,,1,3,3,
244,1,6,C,850,,1,4,4,
245,1,6,C,850,,2,1,1,
246,1,6,C,850,,2,2,2,
247,1,6,C,850,,2,3,3,
248,1,6,C,850,,2,4,4,
249,1,6,C,850,,3,1,1,
250,1,6,C,850,,3,2,2,
251,1,6,C,850,,3,3,3,
252,1,6,C,850,,3,4,4,
253,1,6,C,850,,4,1,1,
254,1,6,C,850,,4,2,2,
255,1,6,C,850,,4,3,3,
256,1,6,C,850,,4,4,4,
257,1,6,C,850,,5,1,1,
258,1,6,C,850,,5,2,2,
259,1,6,C,850,,5,3,3,
260,1,6,C,850,,5,4,4,
261,1,6,C,850,,6,1,1,
262,1,6,C,850,,6,2,2,
263,1,6,C,850,,6,3,3,
264,1,6,C,850,,6,4,4,
265,1,6,C,850,,7,1,1,
266,1,6,C,850,,7,2,2,
267,1,6,C,850,,7,3,3,
268,1,6,C,850,,7,4,4,
269,1,6,C,850,,8,1,1,
270,1,6,C,850,,8,2,2,
271,1,6,C,850,,8,3,3,
272,1,6,C,850,,8,4,4,
273,1,6,C,850,,9,1,1,
274,1,6,C,850,,9,2,2,
275,1,6,C,850,,9,3,3,
276,1,6,C,850,,9,4,4,
277,1,6,C,850,,10,1,1,
278,1,6,C,850,,10,2,2,
279,1,6,C,850,,10,3,3,
280,1,6,C,850,,10,4,4,
281,1,6,C,850,,11,1,1,
282,1,6,C,850,,11,2,2,
283,1,6,C,850,,11,3,3,
284,1,6,C,850,,11,4,4,
285,1,6,C,850,,12,1,1,
286,1,6,C,850,,12,2,2,
287,1,6,C,850,,12,3,3,
288,1,6,C,850,,12,4,4,
289,2,1,A,735,,1,1,1,
290,2,1,A,735,,1,2,2,
291,2,1,A,735,,1,3,3,
292,2,1,A,735,,1,4,4,
293,2,1,A,735,,2,1,1,
294,2,1,A,735,,2,2,2,
295,2,1,A,735,,2,3,3,
296,2,1,A,735,,2,4,4,
297,2,1,A,735,,3,1,1,
298,2,1,A,735,,3,2,2,
299,2,1,A,735,,3,3,3,
300,2,1,A,735,,3,4,4,
301,2,1,A,735,,4,1,1,
302,2,1,A,735,,4,2,2,
303,2,1,A,735,,4,3,3,
304,2,1,A,735,,4,4,4,
305,2,1,A,735,,5,1,1,
306,2,1,A,735,,5,2,2,
307,2,1,A,735,,5,3,3,
308,2,1,A,735,,5,4,4,
309,2,1,A,735,,6,1,1,
310,2,1,A,735,,6,2,2,
311,2,1,A,735,,6,3,3,
312,2,1,A,735,,6,4,4,
313,2,1,A,735,,7,1,1,
314,2,1,A,735,,7,2,2,
315,2,1,A,735,,7,3,3,
316,2,1,A,735,,7,4,4,
317,2,1,A,735,,8,1,1,
318,2,1,A,735,,8,2,2,
319,2,1,A,735,,8,3,3,
320,2,1,A,735,,8,4,4,
321,2,1,A,735,,9,1,1,
322,2,1,A,735,,9,2,2,
323,2,1,A,735,,9,3,3,
324,2,1,A,735,,9,4,4,
325,2,1,A,735,,10,1,1,
326,2,1,A,735,,10,2,2,
327,2,1,A,735,,10,3,3,
328,2,1,A,735,,10,4,4,
329,2,1,A,735,,11,1,1,
330,2,1,A,735,,11,2,2,
331,2,1,A,735,,11,3,3,
332,2,1,A,735,,11,4,4,
333,2,1,A,735,,12,1,1,
334,2,1,A,735,,12,2,2,
335,2,1,A,735,,12,3,3,
336,2,1,A,735,,12,4,4,
337,2,2,B,735,,1,1,1,
338,2,2,B,735,,1,2,2,
339,2,2,B,735,,1,3,3,
340,2,2,B,735,,1,4,4,
341,2,2,B,735,,2,1,1,
342,2,2,B,735,,2,2,2,
343,2,2,B,735,,2,3,3,
344,2,2,B,735,,2,4,4,
345,2,2,B,735,,3,1,1,
346,2,2,B,735,,3,2,2,
347,2,2,B,735,,3,3,3,
348,2,2,B,735,,3,4,4,
349,2,2,B,735,,4,1,1,
350,2,2,B,735,,4,2,2,
351,2,2,B,735,,4,3,3,
352,2,2,B,735,,4,4,4,
353,2,2,B,735,,5,1,1,
354,2,2,B,735,,5,2,2,
355,2,2,B,735,,5,3,3,
356,2,2,B,735,,5,4,4,
357,2,2,B,735,,6,1,1,
358,2,2,B,735,,6,2,2,
359,2,2,B,735,,6,3,3,
360,2,2,B,735,,6,4,4,
361,2,2,B,735,,7,1,1,
362,2,2,B,735,,7,2,2,
363,2,2,B,735,,7,3,3,
364,2,2,B,735,,7,4,4,
365,2,2,B,735,,8,1,1,
366,2,2,B,735,,8,2,2,
367,2,2,B,735,,8,3,3,
368,2,2,B,735,,8,4,4,
369,2,2,B,735,,9,1,1,
370,2,2,B,735,,9,2,2,
371,2,2,B,735,,9,3,3,
372,2,2,B,735,,9,4,4,
373,2,2,B,735,,10,1,1,
374,2,2,B,735,,10,2,2,
375,2,2,B,735,,10,3,3,
376,2,2,B,735,,10,4,4,
377,2,2,B,735,,11,1,1,
378,2,2,B,735,,11,2,2,
379,2,2,B,735,,11,3,3,
380,2,2,B,735,,11,4,4,
381,2,2,B,735,,12,1,1,
382,2,2,B,735,,12,2,2,
383,2,2,B,735,,12,3,3,
384,2,2,B,735,,12,4,4,
385,2,3,C,735,,1,1,1,
386,2,3,C,735,,1,2,2,
387,2,3,C,735,,1,3,3,
388,2,3,C,735,,1,4,4,
389,2,3,C,735,,2,1,1,
390,2,3,C,735,,2,2,2,
391,2,3,C,735,,2,3,3,
392,2,3,C,735,,2,4,4,
393,2,3,C,735,,3,1,1,
394,2,3,C,735,,3,2,2,
395,2,3,C,735,,3,3,3,
396,2,3,C,735,,3,4,4,
397,2,3,C,735,,4,1,1,
398,2,3,C,735,,4,2,2,
399,2,3,C,735,,4,3,3,
400,2,3,C,735,,4,4,4,
401,2,3,C,735,,5,1,1,
402,2,3,C,735,,5,2,2,
403,2,3,C,735,,5,3,3,
404,2,3,C,735,,5,4,4,
405,2,3,C,735,,6,1,1,
406,2,3,C,735,,6,2,2,
407,2,3,C,735,,6,3,3,
408,2,3,C,735,,6,4,4,
409,2,3,C,735,,7,1,1,
410,2,3,C,735,,7,2,2,
411,2,3,C,735,,7,3,3,
412,2,3,C,735,,7,4,4,
413,2,3,C,735,,8,1,1,
414,2,3,C,735,,8,2,2,
415,2,3,C,735,,8,3,3,
416,2,3,C,735,,8,4,4,
417,2,3,C,735,,9,1,1,
418,2,3,C,735,,9,2,2,
419,2,3,C,735,,9,3,3,
420,2,3,C,735,,9,4,4,
421,2,3,C,735,,10,1,1,
422,2,3,C,735,,10,2,2,
423,2,3,C,735,,10,3,3,
424,2,3,C,735,,10,4,4,
425,2,3,C,735,,11,1,1,
426,2,3,C,735,,11,2,2,
427,2,3,C,735,,11,3,3,
428,2,3,C,735,,11,4,4,
429,2,3,C,735,,12,1,1,
430,2,3,C,735,,12,2,2,
431,2,3,C,735,,12,3,3,
432,2,3,C,735,,12,4,4,
433,2,4,A,850,,1,1,1,
434,2,4,A,850,,1,2,2,
435,2,4,A,850,,1,3,3,
436,2,4,A,850,,1,4,4,
437,2,4,A,850,,2,1,1,
438,2,4,A,850,,2,2,2,
439,2,4,A,850,,2,3,3,
440,2,4,A,850,,2,4,4,
441,2,4,A,850,,3,1,1,
442,2,4,A,850,,3,2,2,
443,2,4,A,850,,3,3,3,
444,2,4,A,850,,3,4,4,
445,2,4,A,850,,4,1,1,
446,2,4,A,850,,4,2,2,
447,2,4,A,850,,4,3,3,
448,2,4,A,850,,4,4,4,
449,2,4,A,850,,5,1,1,
450,2,4,A,850,,5,2,2,
451,2,4,A,850,,5,3,3,
452,2,4,A,850,,5,4,4,
453,2,4,A,850,,6,1,1,
454,2,4,A,850,,6,2,2,
455,2,4,A,850,,6,3,3,
456,2,4,A,850,,6,4,4,
457,2,4,A,850,,7,1,1,
458,2,4,A,850,,7,2,2,
459,2,4,A,850,,7,3,3,
460,2,4,A,850,,7,4,4,
461,2,4,A,850,,8,1,1,
462,2,4,A,850,,8,2,2,
463,2,4,A,850,,8,3,3,
464,2,4,A,850,,8,4,4,
465,2,4,A,850,,9,1,1,
466,2,4,A,850,,9,2,2,
467,2,4,A,850,,9,3,3,
468,2,4,A,850,,9,4,4,
469,2,4,A,850,,10,1,1,
470,2,4,A,850,,10,2,2,
471,2,4,A,850,,10,3,3,
472,2,4,A,850,,10,4,4,
473,2,4,A,850,,11,1,1,
474,2,4,A,850,,11,2,2,
475,2,4,A,850,,11,3,3,
476,2,4,A,850,,11,4,4,
477,2,4,A,850,,12,1,1,
478,2,4,A,850,,12,2,2,
479,2,4,A,850,,12,3,3,
480,2,4,A,850,,12,4,4,
481,2,5,B,850,,1,1,1,
482,2,5,B,850,,1,2,2,
483,2,5,B,850,,1,3,3,
484,2,5,B,850,,1,4,4,
485,2,5,B,850,,2,1,1,
486,2,5,B,850,,2,2,2,
487,2,5,B,850,,2,3,3,
488,2,5,B,850,,2,4,4,
489,2,5,B,850,,3,1,1,
490,2,5,B,850,,3,2,2,
491,2,5,B,850,,3,3,3,
492,2,5,B,850,,3,4,4,
493,2,5,B,850,,4,1,1,
494,2,5,B,850,,4,2,2,
495,2,5,B,850,,4,3,3,
496,2,5,B,850,,4,4,4,
497,2,5,B,850,,5,1,1,
498,2,5,B,850,,5,2,2,
499,2,5,B,850,,5,3,3,
500,2,5,B,850,,5,4,4,
501,2,5,B,850,,6,1,1,
502,2,5,B,850,,6,2,2,
503,2,5,B,850,,6,3,3,
504,2,5,B,850,,6,4,4,
505,2,5,B,850,,7,1,1,
506,2,5,B,850,,7,2,2,
507,2,5,B,850,,7,3,3,
508,2,5,B,850,,7,4,4,
509,2,5,B,850,,8,1,1,
510,2,5,B,850,,8,2,2,
511,2,5,B,850,,8,3,3,
512,2,5,B,850,,8,4,4,
513,2,5,B,850,,9,1,1,
514,2,5,B,850,,9,2,2,
515,2,5,B,850,,9,3,3,
516,2,5,B,850,,9,4,4,
517,2,5,B,850,,10,1,1,
518,2,5,B,850,,10,2,2,
519,2,5,B,850,,10,3,3,
520,2,5,B,850,,10,4,4,
521,2,5,B,850,,11,1,1,
522,2,5,B,850,,11,2,2,
523,2,5,B,850,,11,3,3,
524,2,5,B,850,,11,4,4,
525,2,5,B,850,,12,1,1,
526,2,5,B,850,,12,2,2,
527,2,5,B,850,,12,3,3,
528,2,5,B,850,,12,4,4,
529,2,6,C,850,,1,1,1,
530,2,6,C,850,,1,2,2,
531,2,6,C,850,,1,3,3,
532,2,6,C,850,,1,4,4,
533,2,6,C,850,,2,1,1,
534,2,6,C,850,,2,2,2,
535,2,6,C,850,,2,3,3,
536,2,6,C,850,,2,4,4,
537,2,6,C,850,,3,1,1,
538,2,6,C,850,,3,2,2,
539,2,6,C,850,,3,3,3,
540,2,6,C,850,,3,4,4,
541,2,6,C,850,,4,1,1,
542,2,6,C,850,,4,2,2,
543,2,6,C,850,,4,3,3,
544,2,6,C,850,,4,4,4,
545,2,6,C,850,,5,1,1,
546,2,6,C,850,,5,2,2,
547,2,6,C,850,,5,3,3,
548,2,6,C,850,,5,4,4,
549,2,6,C,850,,6,1,1,
550,2,6,C,850,,6,2,2,
551,2,6,C,850,,6,3,3,
552,2,6,C,850,,6,4,4,
553,2,6,C,850,,7,1,1,
554,2,6,C,850,,7,2,2,
555,2,6,C,850,,7,3,3,
556,2,6,C,850,,7,4,4,
557,2,6,C,850,,8,1,1,
558,2,6,C,850,,8,2,2,
559,2,6,C,850,,8,3,3,
560,2,6,C,850,,8,4,4,
561,2,6,C,850,,9,1,1,
562,2,6,C,850,,9,2,2,
563,2,6,C,850,,9,3,3,
564,2,6,C,850,,9,4,4,
565,2,6,C,850,,10,1,1,
566,2,6,C,850,,10,2,2,
567,2,6,C,850,,10,3,3,
568,2,6,C,850,,10,4,4,
569,2,6,C,850,,11,1,1,
570,2,6,C,850,,11,2,2,
571,2,6,C,850,,11,3,3,
572,2,6,C,850,,11,4,4,
573,2,6,C,850,,12,1,1,
574,2,6,C,850,,12,2,2,
575,2,6,C,850,,12,3,3,
576,2,6,C,850,,12,4,4,
577,3,1,A,735,,1,1,1,
578,3,1,A,735,,1,2,2,
579,3,1,A,735,,1,3,3,
580,3,1,A,735,,1,4,4,
581,3,1,A,735,,2,1,1,
582,3,1,A,735,,2,2,2,
583,3,1,A,735,,2,3,3,
584,3,1,A,735,,2,4,4,
585,3,1,A,735,,3,1,1,
586,3,1,A,735,,3,2,2,
587,3,1,A,735,,3,3,3,
588,3,1,A,735,,3,4,4,
589,3,1,A,735,,4,1,1,
590,3,1,A,735,,4,2,2,
591,3,1,A,735,,4,3,3,
592,3,1,A,735,,4,4,4,
593,3,1,A,735,,5,1,1,
594,3,1,A,735,,5,2,2,
595,3,1,A,735,,5,3,3,
596,3,1,A,735,,5,4,4,
597,3,1,A,735,,6,1,1,
598,3,1,A,735,,6,2,2,
599,3,1,A,735,,6,3,3,
600,3,1,A,735,,6,4,4,
601,3,1,A,735,,7,1,1,
602,3,1,A,735,,7,2,2,
603,3,1,A,735,,7,3,3,
604,3,1,A,735,,7,4,4,
605,3,1,A,735,,8,1,1,
606,3,1,A,735,,8,2,2,
607,3,1,A,735,,8,3,3,
608,3,1,A,735,,8,4,4,
609,3,1,A,735,,9,1,1,
610,3,1,A,735,,9,2,2,
611,3,1,A,735,,9,3,3,
612,3,1,A,735,,9,4,4,
613,3,1,A,735,,10,1,1,
614,3,1,A,735,,10,2,2,
615,3,1,A,735,,10,3,3,
616,3,1,A,735,,10,4,4,
617,3,1,A,735,,11,1,1,
618,3,1,A,735,,11,2,2,
619,3,1,A,735,,11,3,3,
620,3,1,A,735,,11,4,4,
621,3,1,A,735,,12,1,1,
622,3,1,A,735,,12,2,2,
623,3,1,A,735,,12,3,3,
624,3,1,A,735,,12,4,4,
625,3,2,B,735,,1,1,1,
626,3,2,B,735,,1,2,2,
627,3,2,B,735,,1,3,3,
628,3,2,B,735,,1,4,4,
629,3,2,B,735,,2,1,1,
630,3,2,B,735,,2,2,2,
631,3,2,B,735,,2,3,3,
632,3,2,B,735,,2,4,4,
633,3,2,B,735,,3,1,1,
634,3,2,B,735,,3,2,2,
635,3,2,B,735,,3,3,3,
636,3,2,B,735,,3,4,4,
637,3,2,B,735,,4,1,1,
638,3,2,B,735,,4,2,2,
639,3,2,B,735,,4,3,3,
640,3,2,B,735,,4,4,4,
641,3,2,B,735,,5,1,1,
642,3,2,B,735,,5,2,2,
643,3,2,B,735,,5,3,3,
644,3,2,B,735,,5,4,4,
645,3,2,B,735,,6,1,1,
646,3,2,B,735,,6,2,2,
647,3,2,B,735,,6,3,3,
648,3,2,B,735,,6,4,4,
649,3,2,B,735,,7,1,1,
650,3,2,B,735,,7,2,2,
651,3,2,B,735,,7,3,3,
652,3,2,B,735,,7,4,4,
653,3,2,B,735,,8,1,1,
654,3,2,B,735,,8,2,2,
655,3,2,B,735,,8,3,3,
656,3,2,B,735,,8,4,4,
657,3,2,B,735,,9,1,1,
658,3,2,B,735,,9,2,2,
659,3,2,B,735,,9,3,3,
660,3,2,B,735,,9,4,4,
661,3,2,B,735,,10,1,1,
662,3,2,B,735,,10,2,2,
663,3,2,B,735,,10,3,3,
664,3,2,B,735,,10,4,4,
665,3,2,B,735,,11,1,1,
666,3,2,B,735,,11,2,2,
667,3,2,B,735,,11,3,3,
668,3,2,B,735,,11,4,4,
669,3,2,B,735,,12,1,1,
670,3,2,B,735,,12,2,2,
671,3,2,B,735,,12,3,3,
672,3,2,B,735,,12,4,4,
673,3,3,C,735,,1,1,1,
674,3,3,C,735,,1,2,2,
675,3,3,C,735,,1,3,3,
676,3,3,C,735,,1,4,4,
677,3,3,C,735,,2,1,1,
678,3,3,C,735,,2,2,2,
679,3,3,C,735,,2,3,3,
680,3,3,C,735,,2,4,4,
681,3,3,C,735,,3,1,1,
682,3,3,C,735,,3,2,2,
683,3,3,C,735,,3,3,3,
684,3,3,C,735,,3,4,4,
685,3,3,C,735,,4,1,1,
686,3,3,C,735,,4,2,2,
687,3,3,C,735,,4,3,3,
688,3,3,C,735,,4,4,4,
689,3,3,C,735,,5,1,1,
690,3,3,C,735,,5,2,2,
691,3,3,C,735,,5,3,3,
692,3,3,C,735,,5,4,4,
693,3,3,C,735,,6,1,1,
694,3,3,C,735,,6,2,2,
695,3,3,C,735,,6,3,3,
696,3,3,C,735,,6,4,4,
697,3,3,C,735,,7,1,1,
698,3,3,C,735,,7,2,2,
699,3,3,C,735,,7,3,3,
700,3,3,C,735,,7,4,4,
701,3,3,C,735,,8,1,1,
702,3,3,C,735,,8,2,2,
703,3,3,C,735,,8,3,3,
704,3,3,C,735,,8,4,4,
705,3,3,C,735,,9,1,1,
706,3,3,C,735,,9,2,2,
707,3,3,C,735,,9,3,3,
708,3,3,C,735,,9,4,4,
709,3,3,C,735,,10,1,1,
710,3,3,C,735,,10,2,2,
711,3,3,C,735,,10,3,3,
712,3,3,C,735,,10,4,4,
713,3,3,C,735,,11,1,1,
714,3,3,C,735,,11,2,2,
715,3,3,C,735,,11,3,3,
716,3,3,C,735,,11,4,4,
717,3,3,C,735,,12,1,1,
718,3,3,C,735,,12,2,2,
719,3,3,C,735,,12,3,3,
720,3,3,C,735,,12,4,4,
721,3,4,A,850,,1,1,1,
722,3,4,A,850,,1,2,2,
723,3,4,A,850,,1,3,3,
724,3,4,A,850,,1,4,4,
725,3,4,A,850,,2,1,1,
726,3,4,A,850,,2,2,2,
727,3,4,A,850,,2,3,3,
728,3,4,A,850,,2,4,4,
729,3,4,A,850,,3,1,1,
730,3,4,A,850,,3,2,2,
731,3,4,A,850,,3,3,3,
732,3,4,A,850,,3,4,4,
733,3,4,A,850,,4,1,1,
734,3,4,A,850,,4,2,2,
735,3,4,A,850,,4,3,3,
736,3,4,A,850,,4,4,4,
737,3,4,A,850,,5,1,1,
738,3,4,A,850,,5,2,2,
739,3,4,A,850,,5,3,3,
740,3,4,A,850,,5,4,4,
741,3,4,A,850,,6,1,1,
742,3,4,A,850,,6,2,2,
743,3,4,A,850,,6,3,3,
744,3,4,A,850,,6,4,4,
745,3,4,A,850,,7,1,1,
746,3,4,A,850,,7,2,2,
747,3,4,A,850,,7,3,3,
748,3,4,A,850,,7,4,4,
749,3,4,A,850,,8,1,1,
750,3,4,A,850,,8,2,2,
751,3,4,A,850,,8,3,3,
752,3,4,A,850,,8,4,4,
753,3,4,A,850,,9,1,1,
754,3,4,A,850,,9,2,2,
755,3,4,A,850,,9,3,3,
756,3,4,A,850,,9,4,4,
757,3,4,A,850,,10,1,1,
758,3,4,A,850,,10,2,2,
759,3,4,A,850,,10,3,3,
760,3,4,A,850,,10,4,4,
761,3,4,A,850,,11,1,1,
762,3,4,A,850,,11,2,2,
763,3,4,A,850,,11,3,3,
764,3,4,A,850,,11,4,4,
765,3,4,A,850,,12,1,1,
766,3,4,A,850,,12,2,2,
767,3,4,A,850,,12,3,3,
768,3,4,A,850,,12,4,4,
769,3,5,B,850,,1,1,1,
770,3,5,B,850,,1,2,2,
771,3,5,B,850,,1,3,3,
772,3,5,B,850,,1,4,4,
773,3,5,B,850,,2,1,1,
774,3,5,B,850,,2,2,2,
775,3,5,B,850,,2,3,3,
776,3,5,B,850,,2,4,4,
777,3,5,B,850,,3,1,1,
778,3,5,B,850,,3,2,2,
779,3,5,B,850,,3,3,3,
780,3,5,B,850,,3,4,4,
781,3,5,B,850,,4,1,1,
782,3,5,B,850,,4,2,2,
783,3,5,B,850,,4,3,3,
784,3,5,B,850,,4,4,4,
785,3,5,B,850,,5,1,1,
786,3,5,B,850,,5,2,2,
787,3,5,B,850,,5,3,3,
788,3,5,B,850,,5,4,4,
789,3,5,B,850,,6,1,1,
790,3,5,B,850,,6,2,2,
791,3,5,B,850,,6,3,3,
792,3,5,B,850,,6,4,4,
793,3,5,B,850,,7,1,1,
794,3,5,B,850,,7,2,2,
795,3,5,B,850,,7,3,3,
796,3,5,B,850,,7,4,4,
797,3,5,B,850,,8,1,1,
798,3,5,B,850,,8,2,2,
799,3,5,B,850,,8,3,3,
800,3,5,B,850,,8,4,4,
801,3,5,B,850,,9,1,1,
802,3,5,B,850,,9,2,2,
803,3,5,B,850,,9,3,3,
804,3,5,B,850,,9,4,4,
805,3,5,B,850,,10,1,1,
806,3,5,B,850,,10,2,2,
807,3,5,B,850,,10,3,3,
808,3,5,B,850,,10,4,4,
809,3,5,B,850,,11,1,1,
810,3,5,B,850,,11,2,2,
811,3,5,B,850,,11,3,3,
812,3,5,B,850,,11,4,4,
813,3,5,B,850,,12,1,1,
814,3,5,B,850,,12,2,2,
815,3,5,B,850,,12,3,3,
816,3,5,B,850,,12,4,4,
817,3,6,C,850,,1,1,1,
818,3,6,C,850,,1,2,2,
819,3,6,C,850,,1,3,3,
820,3,6,C,850,,1,4,4,
821,3,6,C,850,,2,1,1,
822,3,6,C,850,,2,2,2,
823,3,6,C,850,,2,3,3,
824,3,6,C,850,,2,4,4,
825,3,6,C,850,,3,1,1,
826,3,6,C,850,,3,2,2,
827,3,6,C,850,,3,3,3,
828,3,6,C,850,,3,4,4,
829,3,6,C,850,,4,1,1,
830,3,6,C,850,,4,2,2,
831,3,6,C,850,,4,3,3,
832,3,6,C,850,,4,4,4,
833,3,6,C,850,,5,1,1,
834,3,6,C,850,,5,2,2,
835,3,6,C,850,,5,3,3,
836,3,6,C,850,,5,4,4,
837,3,6,C,850,,6,1,1,
838,3,6,C,850,,6,2,2,
839,3,6,C,850,,6,3,3,
840,3,6,C,850,,6,4,4,
841,3,6,C,850,,7,1,1,
842,3,6,C,850,,7,2,2,
843,3,6,C,850,,7,3,3,
844,3,6,C,850,,7,4,4,
845,3,6,C,850,,8,1,1,
846,3,6,C,850,,8,2,2,
847,3,6,C,850,,8,3,3,
848,3,6,C,850,,8,4,4,
849,3,6,C,850,,9,1,1,
850,3,6,C,850,,9,2,2,
851,3,6,C,850,,9,3,3,
852,3,6,C,850,,9,4,4,
853,3,6,C,850,,10,1,1,
854,3,6,C,850,,10,2,2,
855,3,6,C,850,,10,3,3,
856,3,6,C,850,,10,4,4,
857,3,6,C,850,,11,1,1,
858,3,6,C,850,,11,2,2,
859,3,6,C,850,,11,3,3,
860,3,6,C,850,,11,4,4,
861,3,6,C,850,,12,1,1,
862,3,6,C,850,,12,2,2,
863,3,6,C,850,,12,3,3,
864,3,6,C,850,,12,4,4,
865,4,1,A,735,,1,1,1,
866,4,1,A,735,,1,2,2,
867,4,1,A,735,,1,3,3,
868,4,1,A,735,,1,4,4,
869,4,1,A,735,,2,1,1,
870,4,1,A,735,,2,2,2,
871,4,1,A,735,,2,3,3,
872,4,1,A,735,,2,4,4,
873,4,1,A,735,,3,1,1,
874,4,1,A,735,,3,2,2,
875,4,1,A,735,,3,3,3,
876,4,1,A,735,,3,4,4,
877,4,1,A,735,,4,1,1,
878,4,1,A,735,,4,2,2,
879,4,1,A,735,,4,3,3,
880,4,1,A,735,,4,4,4,
881,4,1,A,735,,5,1,1,
882,4,1,A,735,,5,2,2,
883,4,1,A,735,,5,3,3,
884,4,1,A,735,,5,4,4,
885,4,1,A,735,,6,1,1,
886,4,1,A,735,,6,2,2,
887,4,1,A,735,,6,3,3,
888,4,1,A,735,,6,4,4,
889,4,1,A,735,,7,1,1,
890,4,1,A,735,,7,2,2,
891,4,1,A,735,,7,3,3,
892,4,1,A,735,,7,4,4,
893,4,1,A,735,,8,1,1,
894,4,1,A,735,,8,2,2,
895,4,1,A,735,,8,3,3,
896,4,1,A,735,,8,4,4,
897,4,1,A,735,,9,1,1,
898,4,1,A,735,,9,2,2,
899,4,1,A,735,,9,3,3,
900,4,1,A,735,,9,4,4,
901,4,1,A,735,,10,1,1,
902,4,1,A,735,,10,2,2,
903,4,1,A,735,,10,3,3,
904,4,1,A,735,,10,4,4,
905,4,1,A,735,,11,1,1,
906,4,1,A,735,,11,2,2,
907,4,1,A,735,,11,3,3,
908,4,1,A,735,,11,4,4,
909,4,1,A,735,,12,1,1,
910,4,1,A,735,,12,2,2,
911,4,1,A,735,,12,3,3,
912,4,1,A,735,,12,4,4,
913,4,2,B,735,,1,1,1,
914,4,2,B,735,,1,2,2,
915,4,2,B,735,,1,3,3,
916,4,2,B,735,,1,4,4,
917,4,2,B,735,,2,1,1,
918,4,2,B,735,,2,2,2,
919,4,2,B,735,,2,3,3,
920,4,2,B,735,,2,4,4,
921,4,2,B,735,,3,1,1,
922,4,2,B,735,,3,2,2,
923,4,2,B,735,,3,3,3,
924,4,2,B,735,,3,4,4,
925,4,2,B,735,,4,1,1,
926,4,2,B,735,,4,2,2,
927,4,2,B,735,,4,3,3,
928,4,2,B,735,,4,4,4,
929,4,2,B,735,,5,1,1,
930,4,2,B,735,,5,2,2,
931,4,2,B,735,,5,3,3,
932,4,2,B,735,,5,4,4,
933,4,2,B,735,,6,1,1,
934,4,2,B,735,,6,2,2,
935,4,2,B,735,,6,3,3,
936,4,2,B,735,,6,4,4,
937,4,2,B,735,,7,1,1,
938,4,2,B,735,,7,2,2,
939,4,2,B,735,,7,3,3,
940,4,2,B,735,,7,4,4,
941,4,2,B,735,,8,1,1,
942,4,2,B,735,,8,2,2,
943,4,2,B,735,,8,3,3,
944,4,2,B,735,,8,4,4,
945,4,2,B,735,,9,1,1,
946,4,2,B,735,,9,2,2,
947,4,2,B,735,,9,3,3,
948,4,2,B,735,,9,4,4,
949,4,2,B,735,,10,1,1,
950,4,2,B,735,,10,2,2,
951,4,2,B,735,,10,3,3,
952,4,2,B,735,,10,4,4,
953,4,2,B,735,,11,1,1,
954,4,2,B,735,,11,2,2,
955,4,2,B,735,,11,3,3,
956,4,2,B,735,,11,4,4,
957,4,2,B,735,,12,1,1,
958,4,2,B,735,,12,2,2,
959,4,2,B,735,,12,3,3,
960,4,2,B,735,,12,4,4,
961,4,3,C,735,,1,1,1,
962,4,3,C,735,,1,2,2,
963,4,3,C,735,,1,3,3,
964,4,3,C,735,,1,4,4,
965,4,3,C,735,,2,1,1,
966,4,3,C,735,,2,2,2,
967,4,3,C,735,,2,3,3,
968,4,3,C,735,,2,4,4,
969,4,3,C,735,,3,1,1,
970,4,3,C,735,,3,2,2,
971,4,3,C,735,,3,3,3,
972,4,3,C,735,,3,4,4,
973,4,3,C,735,,4,1,1,
974,4,3,C,735,,4,2,2,
975,4,3,C,735,,4,3,3,
976,4,3,C,735,,4,4,4,
977,4,3,C,735,,5,1,1,
978,4,3,C,735,,5,2,2,
979,4,3,C,735,,5,3,3,
980,4,3,C,735,,5,4,4,
981,4,3,C,735,,6,1,1,
982,4,3,C,735,,6,2,2,
983,4,3,C,735,,6,3,3,
984,4,3,C,735,,6,4,4,
985,4,3,C,735,,7,1,1,
986,4,3,C,735,,7,2,2,
987,4,3,C,735,,7,3,3,
988,4,3,C,735,,7,4,4,
989,4,3,C,735,,8,1,1,
990,4,3,C,735,,8,2,2,
991,4,3,C,735,,8,3,3,
992,4,3,C,735,,8,4,4,
993,4,3,C,735,,9,1,1,
994,4,3,C,735,,9,2,2,
995,4,3,C,735,,9,3,3,
996,4,3,C,735,,9,4,4,
997,4,3,C,735,,10,1,1,
998,4,3,C,735,,10,2,2,
999,4,3,C,735,,10,3,3,
1000,4,3,C,735,,10,4,4,
1001,4,3,C,735,,11,1,1,
1002,4,3,C,735,,11,2,2,
1003,4,3,C,735,,11,3,3,
1004,4,3,C,735,,11,4,4,
1005,4,3,C,735,,12,1,1,
1006,4,3,C,735,,12,2,2,
1007,4,3,C,735,,12,3,3,
1008,4,3,C,735,,12,4,4,
1009,4,4,A,850,,1,1,1,
1010,4,4,A,850,,1,2,2,
1011,4,4,A,850,,1,3,3,
1012,4,4,A,850,,1,4,4,
1013,4,4,A,850,,2,1,1,
1014,4,4,A,850,,2,2,2,
1015,4,4,A,850,,2,3,3,
1016,4,4,A,850,,2,4,4,
1017,4,4,A,850,,3,1,1,
1018,4,4,A,850,,3,2,2,
1019,4,4,A,850,,3,3,3,
1020,4,4,A,850,,3,4,4,
1021,4,4,A,850,,4,1,1,
1022,4,4,A,850,,4,2,2,
1023,4,4,A,850,,4,3,3,
1024,4,4,A,850,,4,4,4,
1025,4,4,A,850,,5,1,1,
1026,4,4,A,850,,5,2,2,
1027,4,4,A,850,,5,3,3,
1028,4,4,A,850,,5,4,4,
1029,4,4,A,850,,6,1,1,
1030,4,4,A,850,,6,2,2,
1031,4,4,A,850,,6,3,3,
1032,4,4,A,850,,6,4,4,
1033,4,4,A,850,,7,1,1,
1034,4,4,A,850,,7,2,2,
1035,4,4,A,850,,7,3,3,
1036,4,4,A,850,,7,4,4,
1037,4,4,A,850,,8,1,1,
1038,4,4,A,850,,8,2,2,
1039,4,4,A,850,,8,3,3,
1040,4,4,A,850,,8,4,4,
1041,4,4,A,850,,9,1,1,
1042,4,4,A,850,,9,2,2,
1043,4,4,A,850,,9,3,3,
1044,4,4,A,850,,9,4,4,
1045,4,4,A,850,,10,1,1,
1046,4,4,A,850,,10,2,2,
1047,4,4,A,850,,10,3,3,
1048,4,4,A,850,,10,4,4,
1049,4,4,A,850,,11,1,1,
1050,4,4,A,850,,11,2,2,
1051,4,4,A,850,,11,3,3,
1052,4,4,A,850,,11,4,4,
1053,4,4,A,850,,12,1,1,
1054,4,4,A,850,,12,2,2,
1055,4,4,A,850,,12,3,3,
1056,4,4,A,850,,12,4,4,
1057,4,5,B,850,,1,1,1,
1058,4,5,B,850,,1,2,2,
1059,4,5,B,850,,1,3,3,
1060,4,5,B,850,,1,4,4,
1061,4,5,B,850,,2,1,1,
1062,4,5,B,850,,2,2,2,
1063,4,5,B,850,,2,3,3,
1064,4,5,B,850,,2,4,4,
1065,4,5,B,850,,3,1,1,
1066,4,5,B,850,,3,2,2,
1067,4,5,B,850,,3,3,3,
1068,4,5,B,850,,3,4,4,
1069,4,5,B,850,,4,1,1,
1070,4,5,B,850,,4,2,2,
1071,4,5,B,850,,4,3,3,
1072,4,5,B,850,,4,4,4,
1073,4,5,B,850,,5,1,1,
1074,4,5,B,850,,5,2,2,
1075,4,5,B,850,,5,3,3,
1076,4,5,B,850,,5,4,4,
1077,4,5,B,850,,6,1,1,
1078,4,5,B,850,,6,2,2,
1079,4,5,B,850,,6,3,3,
1080,4,5,B,850,,6,4,4,
1081,4,5,B,850,,7,1,1,
1082,4,5,B,850,,7,2,2,
1083,4,5,B,850,,7,3,3,
1084,4,5,B,850,,7,4,4,
1085,4,5,B,850,,8,1,1,
1086,4,5,B,850,,8,2,2,
1087,4,5,B,850,,8,3,3,
1088,4,5,B,850,,8,4,4,
1089,4,5,B,850,,9,1,1,
1090,4,5,B,850,,9,2,2,
1091,4,5,B,850,,9,3,3,
1092,4,5,B,850,,9,4,4,
1093,4,5,B,850,,10,1,1,
1094,4,5,B,850,,10,2,2,
1095,4,5,B,850,,10,3,3,
1096,4,5,B,850,,10,4,4,
1097,4,5,B,850,,11,1,1,
1098,4,5,B,850,,11,2,2,
1099,4,5,B,850,,11,3,3,
1100,4,5,B,850,,11,4,4,
1101,4,5,B,850,,12,1,1,
1102,4,5,B,850,,12,2,2,
1103,4,5,B,850,,12,3,3,
1104,4,5,B,850,,12,4,4,
1105,4,6,C,850,,1,1,1,
1106,4,6,C,850,,1,2,2,
1107,4,6,C,850,,1,3,3,
1108,4,6,C,850,,1,4,4,
1109,4,6,C,850,,2,1,1,
1110,4,6,C,850,,2,2,2,
1111,4,6,C,850,,2,3,3,
1112,4,6,C,850,,2,4,4,
1113,4,6,C,850,,3,1,1,
1114,4,6,C,850,,3,2,2,
1115,4,6,C,850,,3,3,3,
1116,4,6,C,850,,3,4,4,
1117,4,6,C,850,,4,1,1,
1118,4,6,C,850,,4,2,2,
1119,4,6,C,850,,4,3,3,
1120,4,6,C,850,,4,4,4,
1121,4,6,C,850,,5,1,1,
1122,4,6,C,850,,5,2,2,
1123,4,6,C,850,,5,3,3,
1124,4,6,C,850,,5,4,4,
1125,4,6,C,850,,6,1,1,
1126,4,6,C,850,,6,2,2,
1127,4,6,C,850,,6,3,3,
1128,4,6,C,850,,6,4,4,
1129,4,6,C,850,,7,1,1,
1130,4,6,C,850,,7,2,2,
1131,4,6,C,850,,7,3,3,
1132,4,6,C,850,,7,4,4,
1133,4,6,C,850,,8,1,1,
1134,4,6,C,850,,8,2,2,
1135,4,6,C,850,,8,3,3,
1136,4,6,C,850,,8,4,4,
1137,4,6,C,850,,9,1,1,
1138,4,6,C,850,,9,2,2,
1139,4,6,C,850,,9,3,3,
1140,4,6,C,850,,9,4,4,
1141,4,6,C,850,,10,1,1,
1142,4,6,C,850,,10,2,2,
1143,4,6,C,850,,10,3,3,
1144,4,6,C,850,,10,4,4,
1145,4,6,C,850,,11,1,1,
1146,4,6,C,850,,11,2,2,
1147,4,6,C,850,,11,3,3,
1148,4,6,C,850,,11,4,4,
1149,4,6,C,850,,12,1,1,
1150,4,6,C,850,,12,2,2,
1151,4,6,C,850,,12,3,3,
1152,4,6,C,850,,12,4,4,
1153,5,1,A,735,,1,1,1,
1154,5,1,A,735,,1,2,2,
1155,5,1,A,735,,1,3,3,
1156,5,1,A,735,,1,4,4,
1157,5,1,A,735,,2,1,1,
1158,5,1,A,735,,2,2,2,
1159,5,1,A,735,,2,3,3,
1160,5,1,A,735,,2,4,4,
1161,5,1,A,735,,3,1,1,
1162,5,1,A,735,,3,2,2,
1163,5,1,A,735,,3,3,3,
1164,5,1,A,735,,3,4,4,
1165,5,1,A,735,,4,1,1,
1166,5,1,A,735,,4,2,2,
1167,5,1,A,735,,4,3,3,
1168,5,1,A,735,,4,4,4,
1169,5,1,A,735,,5,1,1,
1170,5,1,A,735,,5,2,2,
1171,5,1,A,735,,5,3,3,
1172,5,1,A,735,,5,4,4,
1173,5,1,A,735,,6,1,1,
1174,5,1,A,735,,6,2,2,
1175,5,1,A,735,,6,3,3,
1176,5,1,A,735,,6,4,4,
1177,5,1,A,735,,7,1,1,
1178,5,1,A,735,,7,2,2,
1179,5,1,A,735,,7,3,3,
1180,5,1,A,735,,7,4,4,
1181,5,1,A,735,,8,1,1,
1182,5,1,A,735,,8,2,2,
1183,5,1,A,735,,8,3,3,
1184,5,1,A,735,,8,4,4,
1185,5,1,A,735,,9,1,1,
1186,5,1,A,735,,9,2,2,
1187,5,1,A,735,,9,3,3,
1188,5,1,A,735,,9,4,4,
1189,5,1,A,735,,10,1,1,
1190,5,1,A,735,,10,2,2,
1191,5,1,A,735,,10,3,3,
1192,5,1,A,735,,10,4,4,
1193,5,1,A,735,,11,1,1,
1194,5,1,A,735,,11,2,2,
1195,5,1,A,735,,11,3,3,
1196,5,1,A,735,,11,4,4,
1197,5,1,A,735,,12,1,1,
1198,5,1,A,735,,12,2,2,
1199,5,1,A,735,,12,3,3,
1200,5,1,A,735,,12,4,4,
1201,5,2,B,735,,1,1,1,
1202,5,2,B,735,,1,2,2,
1203,5,2,B,735,,1,3,3,
1204,5,2,B,735,,1,4,4,
1205,5,2,B,735,,2,1,1,
1206,5,2,B,735,,2,2,2,
1207,5,2,B,735,,2,3,3,
1208,5,2,B,735,,2,4,4,
1209,5,2,B,735,,3,1,1,
1210,5,2,B,735,,3,2,2,
1211,5,2,B,735,,3,3,3,
1212,5,2,B,735,,3,4,4,
1213,5,2,B,735,,4,1,1,
1214,5,2,B,735,,4,2,2,
1215,5,2,B,735,,4,3,3,
1216,5,2,B,735,,4,4,4,
1217,5,2,B,735,,5,1,1,
1218,5,2,B,735,,5,2,2,
1219,5,2,B,735,,5,3,3,
1220,5,2,B,735,,5,4,4,
1221,5,2,B,735,,6,1,1,
1222,5,2,B,735,,6,2,2,
1223,5,2,B,735,,6,3,3,
1224,5,2,B,735,,6,4,4,
1225,5,2,B,735,,7,1,1,
1226,5,2,B,735,,7,2,2,
1227,5,2,B,735,,7,3,3,
1228,5,2,B,735,,7,4,4,
1229,5,2,B,735,,8,1,1,
1230,5,2,B,735,,8,2,2,
1231,5,2,B,735,,8,3,3,
1232,5,2,B,735,,8,4,4,
1233,5,2,B,735,,9,1,1,
1234,5,2,B,735,,9,2,2,
1235,5,2,B,735,,9,3,3,
1236,5,2,B,735,,9,4,4,
1237,5,2,B,735,,10,1,1,
1238,5,2,B,735,,10,2,2,
1239,5,2,B,735,,10,3,3,
1240,5,2,B,735,,10,4,4,
1241,5,2,B,735,,11,1,1,
1242,5,2,B,735,,11,2,2,
1243,5,2,B,735,,11,3,3,
1244,5,2,B,735,,11,4,4,
1245,5,2,B,735,,12,1,1,
1246,5,2,B,735,,12,2,2,
1247,5,2,B,735,,12,3,3,
1248,5,2,B,735,,12,4,4,
1249,5,3,C,735,,1,1,1,
1250,5,3,C,735,,1,2,2,
1251,5,3,C,735,,1,3,3,
1252,5,3,C,735,,1,4,4,
1253,5,3,C,735,,2,1,1,
1254,5,3,C,735,,2,2,2,
1255,5,3,C,735,,2,3,3,
1256,5,3,C,735,,2,4,4,
1257,5,3,C,735,,3,1,1,
1258,5,3,C,735,,3,2,2,
1259,5,3,C,735,,3,3,3,
1260,5,3,C,735,,3,4,4,
1261,5,3,C,735,,4,1,1,
1262,5,3,C,735,,4,2,2,
1263,5,3,C,735,,4,3,3,
1264,5,3,C,735,,4,4,4,
1265,5,3,C,735,,5,1,1,
1266,5,3,C,735,,5,2,2,
1267,5,3,C,735,,5,3,3,
1268,5,3,C,735,,5,4,4,
1269,5,3,C,735,,6,1,1,
1270,5,3,C,735,,6,2,2,
1271,5,3,C,735,,6,3,3,
1272,5,3,C,735,,6,4,4,
1273,5,3,C,735,,7,1,1,
1274,5,3,C,735,,7,2,2,
1275,5,3,C,735,,7,3,3,
1276,5,3,C,735,,7,4,4,
1277,5,3,C,735,,8,1,1,
1278,5,3,C,735,,8,2,2,
1279,5,3,C,735,,8,3,3,
1280,5,3,C,735,,8,4,4,
1281,5,3,C,735,,9,1,1,
1282,5,3,C,735,,9,2,2,
1283,5,3,C,735,,9,3,3,
1284,5,3,C,735,,9,4,4,
1285,5,3,C,735,,10,1,1,
1286,5,3,C,735,,10,2,2,
1287,5,3,C,735,,10,3,3,
1288,5,3,C,735,,10,4,4,
1289,5,3,C,735,,11,1,1,
1290,5,3,C,735,,11,2,2,
1291,5,3,C,735,,11,3,3,
1292,5,3,C,735,,11,4,4,
1293,5,3,C,735,,12,1,1,
1294,5,3,C,735,,12,2,2,
1295,5,3,C,735,,12,3,3,
1296,5,3,C,735,,12,4,4,
1297,5,4,A,850,,1,1,1,
1298,5,4,A,850,,1,2,2,
1299,5,4,A,850,,1,3,3,
1300,5,4,A,850,,1,4,4,
1301,5,4,A,850,,2,1,1,
1302,5,4,A,850,,2,2,2,
1303,5,4,A,850,,2,3,3,
1304,5,4,A,850,,2,4,4,
1305,5,4,A,850,,3,1,1,
1306,5,4,A,850,,3,2,2,
1307,5,4,A,850,,3,3,3,
1308,5,4,A,850,,3,4,4,
1309,5,4,A,850,,4,1,1,
1310,5,4,A,850,,4,2,2,
1311,5,4,A,850,,4,3,3,
1312,5,4,A,850,,4,4,4,
1313,5,4,A,850,,5,1,1,
1314,5,4,A,850,,5,2,2,
1315,5,4,A,850,,5,3,3,
1316,5,4,A,850,,5,4,4,
1317,5,4,A,850,,6,1,1,
1318,5,4,A,850,,6,2,2,
1319,5,4,A,850,,6,3,3,
1320,5,4,A,850,,6,4,4,
1321,5,4,A,850,,7,1,1,
1322,5,4,A,850,,7,2,2,
1323,5,4,A,850,,7,3,3,
1324,5,4,A,850,,7,4,4,
1325,5,4,A,850,,8,1,1,
1326,5,4,A,850,,8,2,2,
1327,5,4,A,850,,8,3,3,
1328,5,4,A,850,,8,4,4,
1329,5,4,A,850,,9,1,1,
1330,5,4,A,850,,9,2,2,
1331,5,4,A,850,,9,3,3,
1332,5,4,A,850,,9,4,4,
1333,5,4,A,850,,10,1,1,
1334,5,4,A,850,,10,2,2,
1335,5,4,A,850,,10,3,3,
1336,5,4,A,850,,10,4,4,
1337,5,4,A,850,,11,1,1,
1338,5,4,A,850,,11,2,2,
1339,5,4,A,850,,11,3,3,
1340,5,4,A,850,,11,4,4,
1341,5,4,A,850,,12,1,1,
1342,5,4,A,850,,12,2,2,
1343,5,4,A,850,,12,3,3,
1344,5,4,A,850,,12,4,4,
1345,5,5,B,850,,1,1,1,
1346,5,5,B,850,,1,2,2,
1347,5,5,B,850,,1,3,3,
1348,5,5,B,850,,1,4,4,
1349,5,5,B,850,,2,1,1,
1350,5,5,B,850,,2,2,2,
1351,5,5,B,850,,2,3,3,
1352,5,5,B,850,,2,4,4,
1353,5,5,B,850,,3,1,1,
1354,5,5,B,850,,3,2,2,
1355,5,5,B,850,,3,3,3,
1356,5,5,B,850,,3,4,4,
1357,5,5,B,850,,4,1,1,
1358,5,5,B,850,,4,2,2,
1359,5,5,B,850,,4,3,3,
1360,5,5,B,850,,4,4,4,
1361,5,5,B,850,,5,1,1,
1362,5,5,B,850,,5,2,2,
1363,5,5,B,850,,5,3,3,
1364,5,5,B,850,,5,4,4,
1365,5,5,B,850,,6,1,1,
1366,5,5,B,850,,6,2,2,
1367,5,5,B,850,,6,3,3,
1368,5,5,B,850,,6,4,4,
1369,5,5,B,850,,7,1,1,
1370,5,5,B,850,,7,2,2,
1371,5,5,B,850,,7,3,3,
1372,5,5,B,850,,7,4,4,
1373,5,5,B,850,,8,1,1,
1374,5,5,B,850,,8,2,2,
1375,5,5,B,850,,8,3,3,
1376,5,5,B,850,,8,4,4,
1377,5,5,B,850,,9,1,1,
1378,5,5,B,850,,9,2,2,
1379,5,5,B,850,,9,3,3,
1380,5,5,B,850,,9,4,4,
1381,5,5,B,850,,10,1,1,
1382,5,5,B,850,,10,2,2,
1383,5,5,B,850,,10,3,3,
1384,5,5,B,850,,10,4,4,
1385,5,5,B,850,,11,1,1,
1386,5,5,B,850,,11,2,2,
1387,5,5,B,850,,11,3,3,
1388,5,5,B,850,,11,4,4,
1389,5,5,B,850,,12,1,1,
1390,5,5,B,850,,12,2,2,
1391,5,5,B,850,,12,3,3,
1392,5,5,B,850,,12,4,4,
1393,5,6,C,850,,1,1,1,
1394,5,6,C,850,,1,2,2,
1395,5,6,C,850,,1,3,3,
1396,5,6,C,850,,1,4,4,
1397,5,6,C,850,,2,1,1,
1398,5,6,C,850,,2,2,2,
1399,5,6,C,850,,2,3,3,
1400,5,6,C,850,,2,4,4,
1401,5,6,C,850,,3,1,1,
1402,5,6,C,850,,3,2,2,
1403,5,6,C,850,,3,3,3,
1404,5,6,C,850,,3,4,4,
1405,5,6,C,850,,4,1,1,
1406,5,6,C,850,,4,2,2,
1407,5,6,C,850,,4,3,3,
1408,5,6,C,850,,4,4,4,
1409,5,6,C,850,,5,1,1,
1410,5,6,C,850,,5,2,2,
1411,5,6,C,850,,5,3,3,
1412,5,6,C,850,,5,4,4,
1413,5,6,C,850,,6,1,1,
1414,5,6,C,850,,6,2,2,
1415,5,6,C,850,,6,3,3,
1416,5,6,C,850,,6,4,4,
1417,5,6,C,850,,7,1,1,
1418,5,6,C,850,,7,2,2,
1419,5,6,C,850,,7,3,3,
1420,5,6,C,850,,7,4,4,
1421,5,6,C,850,,8,1,1,
1422,5,6,C,850,,8,2,2,
1423,5,6,C,850,,8,3,3,
1424,5,6,C,850,,8,4,4,
1425,5,6,C,850,,9,1,1,
1426,5,6,C,850,,9,2,2,
1427,5,6,C,850,,9,3,3,
1428,5,6,C,850,,9,4,4,
1429,5,6,C,850,,10,1,1,
1430,5,6,C,850,,10,2,2,
1431,5,6,C,850,,10,3,3,
1432,5,6,C,850,,10,4,4,
1433,5,6,C,850,,11,1,1,
1434,5,6,C,850,,11,2,2,
1435,5,6,C,850,,11,3,3,
1436,5,6,C,850,,11,4,4,
1437,5,6,C,850,,12,1,1,
1438,5,6,C,850,,12,2,2,
1439,5,6,C,850,,12,3,3,
1440,5,6,C,850,,12,4,4,
1441,6,1,A,735,,1,1,1,
1442,6,1,A,735,,1,2,2,
1443,6,1,A,735,,1,3,3,
1444,6,1,A,735,,1,4,4,
1445,6,1,A,735,,2,1,1,
1446,6,1,A,735,,2,2,2,
1447,6,1,A,735,,2,3,3,
1448,6,1,A,735,,2,4,4,
1449,6,1,A,735,,3,1,1,
1450,6,1,A,735,,3,2,2,
1451,6,1,A,735,,3,3,3,
1452,6,1,A,735,,3,4,4,
1453,6,1,A,735,,4,1,1,
1454,6,1,A,735,,4,2,2,
1455,6,1,A,735,,4,3,3,
1456,6,1,A,735,,4,4,4,
1457,6,1,A,735,,5,1,1,
1458,6,1,A,735,,5,2,2,
1459,6,1,A,735,,5,3,3,
1460,6,1,A,735,,5,4,4,
1461,6,1,A,735,,6,1,1,
1462,6,1,A,735,,6,2,2,
1463,6,1,A,735,,6,3,3,
1464,6,1,A,735,,6,4,4,
1465,6,1,A,735,,7,1,1,
1466,6,1,A,735,,7,2,2,
1467,6,1,A,735,,7,3,3,
1468,6,1,A,735,,7,4,4,
1469,6,1,A,735,,8,1,1,
1470,6,1,A,735,,8,2,2,
1471,6,1,A,735,,8,3,3,
1472,6,1,A,735,,8,4,4,
1473,6,1,A,735,,9,1,1,
1474,6,1,A,735,,9,2,2,
1475,6,1,A,735,,9,3,3,
1476,6,1,A,735,,9,4,4,
1477,6,1,A,735,,10,1,1,
1478,6,1,A,735,,10,2,2,
1479,6,1,A,735,,10,3,3,
1480,6,1,A,735,,10,4,4,
1481,6,1,A,735,,11,1,1,
1482,6,1,A,735,,11,2,2,
1483,6,1,A,735,,11,3,3,
1484,6,1,A,735,,11,4,4,
1485,6,1,A,735,,12,1,1,
1486,6,1,A,735,,12,2,2,
1487,6,1,A,735,,12,3,3,
1488,6,1,A,735,,12,4,4,
1489,6,2,B,735,,1,1,1,
1490,6,2,B,735,,1,2,2,
1491,6,2,B,735,,1,3,3,
1492,6,2,B,735,,1,4,4,
1493,6,2,B,735,,2,1,1,
1494,6,2,B,735,,2,2,2,
1495,6,2,B,735,,2,3,3,
1496,6,2,B,735,,2,4,4,
1497,6,2,B,735,,3,1,1,
1498,6,2,B,735,,3,2,2,
1499,6,2,B,735,,3,3,3,
1500,6,2,B,735,,3,4,4,
1501,6,2,B,735,,4,1,1,
1502,6,2,B,735,,4,2,2,
1503,6,2,B,735,,4,3,3,
1504,6,2,B,735,,4,4,4,
1505,6,2,B,735,,5,1,1,
1506,6,2,B,735,,5,2,2,
1507,6,2,B,735,,5,3,3,
1508,6,2,B,735,,5,4,4,
1509,6,2,B,735,,6,1,1,
1510,6,2,B,735,,6,2,2,
1511,6,2,B,735,,6,3,3,
1512,6,2,B,735,,6,4,4,
1513,6,2,B,735,,7,1,1,
1514,6,2,B,735,,7,2,2,
1515,6,2,B,735,,7,3,3,
1516,6,2,B,735,,7,4,4,
1517,6,2,B,735,,8,1,1,
1518,6,2,B,735,,8,2,2,
1519,6,2,B,735,,8,3,3,
1520,6,2,B,735,,8,4,4,
1521,6,2,B,735,,9,1,1,
1522,6,2,B,735,,9,2,2,
1523,6,2,B,735,,9,3,3,
1524,6,2,B,735,,9,4,4,
1525,6,2,B,735,,10,1,1,
1526,6,2,B,735,,10,2,2,
1527,6,2,B,735,,10,3,3,
1528,6,2,B,735,,10,4,4,
1529,6,2,B,735,,11,1,1,
1530,6,2,B,735,,11,2,2,
1531,6,2,B,735,,11,3,3,
1532,6,2,B,735,,11,4,4,
1533,6,2,B,735,,12,1,1,
1534,6,2,B,735,,12,2,2,
1535,6,2,B,735,,12,3,3,
1536,6,2,B,735,,12,4,4,
1537,6,3,C,735,,1,1,1,
1538,6,3,C,735,,1,2,2,
1539,6,3,C,735,,1,3,3,
1540,6,3,C,735,,1,4,4,
1541,6,3,C,735,,2,1,1,
1542,6,3,C,735,,2,2,2,
1543,6,3,C,735,,2,3,3,
1544,6,3,C,735,,2,4,4,
1545,6,3,C,735,,3,1,1,
1546,6,3,C,735,,3,2,2,
1547,6,3,C,735,,3,3,3,
1548,6,3,C,735,,3,4,4,
1549,6,3,C,735,,4,1,1,
1550,6,3,C,735,,4,2,2,
1551,6,3,C,735,,4,3,3,
1552,6,3,C,735,,4,4,4,
1553,6,3,C,735,,5,1,1,
1554,6,3,C,735,,5,2,2,
1555,6,3,C,735,,5,3,3,
1556,6,3,C,735,,5,4,4,
1557,6,3,C,735,,6,1,1,
1558,6,3,C,735,,6,2,2,
1559,6,3,C,735,,6,3,3,
1560,6,3,C,735,,6,4,4,
1561,6,3,C,735,,7,1,1,
1562,6,3,C,735,,7,2,2,
1563,6,3,C,735,,7,3,3,
1564,6,3,C,735,,7,4,4,
1565,6,3,C,735,,8,1,1,
1566,6,3,C,735,,8,2,2,
1567,6,3,C,735,,8,3,3,
1568,6,3,C,735,,8,4,4,
1569,6,3,C,735,,9,1,1,
1570,6,3,C,735,,9,2,2,
1571,6,3,C,735,,9,3,3,
1572,6,3,C,735,,9,4,4,
1573,6,3,C,735,,10,1,1,
1574,6,3,C,735,,10,2,2,
1575,6,3,C,735,,10,3,3,
1576,6,3,C,735,,10,4,4,
1577,6,3,C,735,,11,1,1,
1578,6,3,C,735,,11,2,2,
1579,6,3,C,735,,11,3,3,
1580,6,3,C,735,,11,4,4,
1581,6,3,C,735,,12,1,1,
1582,6,3,C,735,,12,2,2,
1583,6,3,C,735,,12,3,3,
1584,6,3,C,735,,12,4,4,
1585,6,4,A,850,,1,1,1,
1586,6,4,A,850,,1,2,2,
1587,6,4,A,850,,1,3,3,
1588,6,4,A,850,,1,4,4,
1589,6,4,A,850,,2,1,1,
1590,6,4,A,850,,2,2,2,
1591,6,4,A,850,,2,3,3,
1592,6,4,A,850,,2,4,4,
1593,6,4,A,850,,3,1,1,
1594,6,4,A,850,,3,2,2,
1595,6,4,A,850,,3,3,3,
1596,6,4,A,850,,3,4,4,
1597,6,4,A,850,,4,1,1,
1598,6,4,A,850,,4,2,2,
1599,6,4,A,850,,4,3,3,
1600,6,4,A,850,,4,4,4,
1601,6,4,A,850,,5,1,1,
1602,6,4,A,850,,5,2,2,
1603,6,4,A,850,,5,3,3,
1604,6,4,A,850,,5,4,4,
1605,6,4,A,850,,6,1,1,
1606,6,4,A,850,,6,2,2,
1607,6,4,A,850,,6,3,3,
1608,6,4,A,850,,6,4,4,
1609,6,4,A,850,,7,1,1,
1610,6,4,A,850,,7,2,2,
1611,6,4,A,850,,7,3,3,
1612,6,4,A,850,,7,4,4,
1613,6,4,A,850,,8,1,1,
1614,6,4,A,850,,8,2,2,
1615,6,4,A,850,,8,3,3,
1616,6,4,A,850,,8,4,4,
1617,6,4,A,850,,9,1,1,
1618,6,4,A,850,,9,2,2,
1619,6,4,A,850,,9,3,3,
1620,6,4,A,850,,9,4,4,
1621,6,4,A,850,,10,1,1,
1622,6,4,A,850,,10,2,2,
1623,6,4,A,850,,10,3,3,
1624,6,4,A,850,,10,4,4,
1625,6,4,A,850,,11,1,1,
1626,6,4,A,850,,11,2,2,
1627,6,4,A,850,,11,3,3,
1628,6,4,A,850,,11,4,4,
1629,6,4,A,850,,12,1,1,
1630,6,4,A,850,,12,2,2,
1631,6,4,A,850,,12,3,3,
1632,6,4,A,850,,12,4,4,
1633,6,5,B,850,,1,1,1,
1634,6,5,B,850,,1,2,2,
1635,6,5,B,850,,1,3,3,
1636,6,5,B,850,,1,4,4,
1637,6,5,B,850,,2,1,1,
1638,6,5,B,850,,2,2,2,
1639,6,5,B,850,,2,3,3,
1640,6,5,B,850,,2,4,4,
1641,6,5,B,850,,3,1,1,
1642,6,5,B,850,,3,2,2,
1643,6,5,B,850,,3,3,3,
1644,6,5,B,850,,3,4,4,
1645,6,5,B,850,,4,1,1,
1646,6,5,B,850,,4,2,2,
1647,6,5,B,850,,4,3,3,
1648,6,5,B,850,,4,4,4,
1649,6,5,B,850,,5,1,1,
1650,6,5,B,850,,5,2,2,
1651,6,5,B,850,,5,3,3,
1652,6,5,B,850,,5,4,4,
1653,6,5,B,850,,6,1,1,
1654,6,5,B,850,,6,2,2,
1655,6,5,B,850,,6,3,3,
1656,6,5,B,850,,6,4,4,
1657,6,5,B,850,,7,1,1,
1658,6,5,B,850,,7,2,2,
1659,6,5,B,850,,7,3,3,
1660,6,5,B,850,,7,4,4,
1661,6,5,B,850,,8,1,1,
1662,6,5,B,850,,8,2,2,
1663,6,5,B,850,,8,3,3,
1664,6,5,B,850,,8,4,4,
1665,6,5,B,850,,9,1,1,
1666,6,5,B,850,,9,2,2,
1667,6,5,B,850,,9,3,3,
1668,6,5,B,850,,9,4,4,
1669,6,5,B,850,,10,1,1,
1670,6,5,B,850,,10,2,2,
1671,6,5,B,850,,10,3,3,
1672,6,5,B,850,,10,4,4,
1673,6,5,B,850,,11,1,1,
1674,6,5,B,850,,11,2,2,
1675,6,5,B,850,,11,3,3,
1676,6,5,B,850,,11,4,4,
1677,6,5,B,850,,12,1,1,
1678,6,5,B,850,,12,2,2,
1679,6,5,B,850,,12,3,3,
1680,6,5,B,850,,12,4,4,
1681,6,6,C,850,,1,1,1,
1682,6,6,C,850,,1,2,2,
1683,6,6,C,850,,1,3,3,
1684,6,6,C,850,,1,4,4,
1685,6,6,C,850,,2,1,1,
1686,6,6,C,850,,2,2,2,
1687,6,6,C,850,,2,3,3,
1688,6,6,C,850,,2,4,4,
1689,6,6,C,850,,3,1,1,
1690,6,6,C,850,,3,2,2,
1691,6,6,C,850,,3,3,3,
1692,6,6,C,850,,3,4,4,
1693,6,6,C,850,,4,1,1,
1694,6,6,C,850,,4,2,2,
1695,6,6,C,850,,4,3,3,
1696,6,6,C,850,,4,4,4,
1697,6,6,C,850,,5,1,1,
1698,6,6,C,850,,5,2,2,
1699,6,6,C,850,,5,3,3,
1700,6,6,C,850,,5,4,4,
1701,6,6,C,850,,6,1,1,
1702,6,6,C,850,,6,2,2,
1703,6,6,C,850,,6,3,3,
1704,6,6,C,850,,6,4,4,
1705,6,6,C,850,,7,1,1,
1706,6,6,C,850,,7,2,2,
1707,6,6,C,850,,7,3,3,
1708,6,6,C,850,,7,4,4,
1709,6,6,C,850,,8,1,1,
1710,6,6,C,850,,8,2,2,
1711,6,6,C,850,,8,3,3,
1712,6,6,C,850,,8,4,4,
1713,6,6,C,850,,9,1,1,
1714,6,6,C,850,,9,2,2,
1715,6,6,C,850,,9,3,3,
1716,6,6,C,850,,9,4,4,
1717,6,6,C,850,,10,1,1,
1718,6,6,C,850,,10,2,2,
1719,6,6,C,850,,10,3,3,
1720,6,6,C,850,,10,4,4,
1721,6,6,C,850,,11,1,1,
1722,6,6,C,850,,11,2,2,
1723,6,6,C,850,,11,3,3,
1724,6,6,C,850,,11,4,4,
1725,6,6,C,850,,12,1,1,
1726,6,6,C,850,,12,2,2,
1727,6,6,C,850,,12,3,3,
1728,6,6,C,850,,12,4,4,
1729,7,1,A,735,,1,1,1,
1730,7,1,A,735,,1,2,2,
1731,7,1,A,735,,1,3,3,
1732,7,1,A,735,,1,4,4,
1733,7,1,A,735,,2,1,1,
1734,7,1,A,735,,2,2,2,
1735,7,1,A,735,,2,3,3,
1736,7,1,A,735,,2,4,4,
1737,7,1,A,735,,3,1,1,
1738,7,1,A,735,,3,2,2,
1739,7,1,A,735,,3,3,3,
1740,7,1,A,735,,3,4,4,
1741,7,1,A,735,,4,1,1,
1742,7,1,A,735,,4,2,2,
1743,7,1,A,735,,4,3,3,
1744,7,1,A,735,,4,4,4,
1745,7,1,A,735,,5,1,1,
1746,7,1,A,735,,5,2,2,
1747,7,1,A,735,,5,3,3,
1748,7,1,A,735,,5,4,4,
1749,7,1,A,735,,6,1,1,
1750,7,1,A,735,,6,2,2,
1751,7,1,A,735,,6,3,3,
1752,7,1,A,735,,6,4,4,
1753,7,1,A,735,,7,1,1,
1754,7,1,A,735,,7,2,2,
1755,7,1,A,735,,7,3,3,
1756,7,1,A,735,,7,4,4,
1757,7,1,A,735,,8,1,1,
1758,7,1,A,735,,8,2,2,
1759,7,1,A,735,,8,3,3,
1760,7,1,A,735,,8,4,4,
1761,7,1,A,735,,9,1,1,
1762,7,1,A,735,,9,2,2,
1763,7,1,A,735,,9,3,3,
1764,7,1,A,735,,9,4,4,
1765,7,1,A,735,,10,1,1,
1766,7,1,A,735,,10,2,2,
1767,7,1,A,735,,10,3,3,
1768,7,1,A,735,,10,4,4,
1769,7,1,A,735,,11,1,1,
1770,7,1,A,735,,11,2,2,
1771,7,1,A,735,,11,3,3,
1772,7,1,A,735,,11,4,4,
1773,7,1,A,735,,12,1,1,
1774,7,1,A,735,,12,2,2,
1775,7,1,A,735,,12,3,3,
1776,7,1,A,735,,12,4,4,
1777,7,2,B,735,,1,1,1,
1778,7,2,B,735,,1,2,2,
1779,7,2,B,735,,1,3,3,
1780,7,2,B,735,,1,4,4,
1781,7,2,B,735,,2,1,1,
1782,7,2,B,735,,2,2,2,
1783,7,2,B,735,,2,3,3,
1784,7,2,B,735,,2,4,4,
1785,7,2,B,735,,3,1,1,
1786,7,2,B,735,,3,2,2,
1787,7,2,B,735,,3,3,3,
1788,7,2,B,735,,3,4,4,
1789,7,2,B,735,,4,1,1,
1790,7,2,B,735,,4,2,2,
1791,7,2,B,735,,4,3,3,
1792,7,2,B,735,,4,4,4,
1793,7,2,B,735,,5,1,1,
1794,7,2,B,735,,5,2,2,
1795,7,2,B,735,,5,3,3,
1796,7,2,B,735,,5,4,4,
1797,7,2,B,735,,6,1,1,
1798,7,2,B,735,,6,2,2,
1799,7,2,B,735,,6,3,3,
1800,7,2,B,735,,6,4,4,
1801,7,2,B,735,,7,1,1,
1802,7,2,B,735,,7,2,2,
1803,7,2,B,735,,7,3,3,
1804,7,2,B,735,,7,4,4,
1805,7,2,B,735,,8,1,1,
1806,7,2,B,735,,8,2,2,
1807,7,2,B,735,,8,3,3,
1808,7,2,B,735,,8,4,4,
1809,7,2,B,735,,9,1,1,
1810,7,2,B,735,,9,2,2,
1811,7,2,B,735,,9,3,3,
1812,7,2,B,735,,9,4,4,
1813,7,2,B,735,,10,1,1,
1814,7,2,B,735,,10,2,2,
1815,7,2,B,735,,10,3,3,
1816,7,2,B,735,,10,4,4,
1817,7,2,B,735,,11,1,1,
1818,7,2,B,735,,11,2,2,
1819,7,2,B,735,,11,3,3,
1820,7,2,B,735,,11,4,4,
1821,7,2,B,735,,12,1,1,
1822,7,2,B,735,,12,2,2,
1823,7,2,B,735,,12,3,3,
1824,7,2,B,735,,12,4,4,
1825,7,3,C,735,,1,1,1,
1826,7,3,C,735,,1,2,2,
1827,7,3,C,735,,1,3,3,
1828,7,3,C,735,,1,4,4,
1829,7,3,C,735,,2,1,1,
1830,7,3,C,735,,2,2,2,
1831,7,3,C,735,,2,3,3,
1832,7,3,C,735,,2,4,4,
1833,7,3,C,735,,3,1,1,
1834,7,3,C,735,,3,2,2,
1835,7,3,C,735,,3,3,3,
1836,7,3,C,735,,3,4,4,
1837,7,3,C,735,,4,1,1,
1838,7,3,C,735,,4,2,2,
1839,7,3,C,735,,4,3,3,
1840,7,3,C,735,,4,4,4,
1841,7,3,C,735,,5,1,1,
1842,7,3,C,735,,5,2,2,
1843,7,3,C,735,,5,3,3,
1844,7,3,C,735,,5,4,4,
1845,7,3,C,735,,6,1,1,
1846,7,3,C,735,,6,2,2,
1847,7,3,C,735,,6,3,3,
1848,7,3,C,735,,6,4,4,
1849,7,3,C,735,,7,1,1,
1850,7,3,C,735,,7,2,2,
1851,7,3,C,735,,7,3,3,
1852,7,3,C,735,,7,4,4,
1853,7,3,C,735,,8,1,1,
1854,7,3,C,735,,8,2,2,
1855,7,3,C,735,,8,3,3,
1856,7,3,C,735,,8,4,4,
1857,7,3,C,735,,9,1,1,
1858,7,3,C,735,,9,2,2,
1859,7,3,C,735,,9,3,3,
1860,7,3,C,735,,9,4,4,
1861,7,3,C,735,,10,1,1,
1862,7,3,C,735,,10,2,2,
1863,7,3,C,735,,10,3,3,
1864,7,3,C,735,,10,4,4,
1865,7,3,C,735,,11,1,1,
1866,7,3,C,735,,11,2,2,
1867,7,3,C,735,,11,3,3,
1868,7,3,C,735,,11,4,4,
1869,7,3,C,735,,12,1,1,
1870,7,3,C,735,,12,2,2,
1871,7,3,C,735,,12,3,3,
1872,7,3,C,735,,12,4,4,
1873,7,4,A,850,,1,1,1,
1874,7,4,A,850,,1,2,2,
1875,7,4,A,850,,1,3,3,
1876,7,4,A,850,,1,4,4,
1877,7,4,A,850,,2,1,1,
1878,7,4,A,850,,2,2,2,
1879,7,4,A,850,,2,3,3,
1880,7,4,A,850,,2,4,4,
1881,7,4,A,850,,3,1,1,
1882,7,4,A,850,,3,2,2,
1883,7,4,A,850,,3,3,3,
1884,7,4,A,850,,3,4,4,
1885,7,4,A,850,,4,1,1,
1886,7,4,A,850,,4,2,2,
1887,7,4,A,850,,4,3,3,
1888,7,4,A,850,,4,4,4,
1889,7,4,A,850,,5,1,1,
1890,7,4,A,850,,5,2,2,
1891,7,4,A,850,,5,3,3,
1892,7,4,A,850,,5,4,4,
1893,7,4,A,850,,6,1,1,
1894,7,4,A,850,,6,2,2,
1895,7,4,A,850,,6,3,3,
1896,7,4,A,850,,6,4,4,
1897,7,4,A,850,,7,1,1,
1898,7,4,A,850,,7,2,2,
1899,7,4,A,850,,7,3,3,
1900,7,4,A,850,,7,4,4,
1901,7,4,A,850,,8,1,1,
1902,7,4,A,850,,8,2,2,
1903,7,4,A,850,,8,3,3,
1904,7,4,A,850,,8,4,4,
1905,7,4,A,850,,9,1,1,
1906,7,4,A,850,,9,2,2,
1907,7,4,A,850,,9,3,3,
1908,7,4,A,850,,9,4,4,
1909,7,4,A,850,,10,1,1,
1910,7,4,A,850,,10,2,2,
1911,7,4,A,850,,10,3,3,
1912,7,4,A,850,,10,4,4,
1913,7,4,A,850,,11,1,1,
1914,7,4,A,850,,11,2,2,
1915,7,4,A,850,,11,3,3,
1916,7,4,A,850,,11,4,4,
1917,7,4,A,850,,12,1,1,
1918,7,4,A,850,,12,2,2,
1919,7,4,A,850,,12,3,3,
1920,7,4,A,850,,12,4,4,
1921,7,5,B,850,,1,1,1,
1922,7,5,B,850,,1,2,2,
1923,7,5,B,850,,1,3,3,
1924,7,5,B,850,,1,4,4,
1925,7,5,B,850,,2,1,1,
1926,7,5,B,850,,2,2,2,
1927,7,5,B,850,,2,3,3,
1928,7,5,B,850,,2,4,4,
1929,7,5,B,850,,3,1,1,
1930,7,5,B,850,,3,2,2,
1931,7,5,B,850,,3,3,3,
1932,7,5,B,850,,3,4,4,
1933,7,5,B,850,,4,1,1,
1934,7,5,B,850,,4,2,2,
1935,7,5,B,850,,4,3,3,
1936,7,5,B,850,,4,4,4,
1937,7,5,B,850,,5,1,1,
1938,7,5,B,850,,5,2,2,
1939,7,5,B,850,,5,3,3,
1940,7,5,B,850,,5,4,4,
1941,7,5,B,850,,6,1,1,
1942,7,5,B,850,,6,2,2,
1943,7,5,B,850,,6,3,3,
1944,7,5,B,850,,6,4,4,
1945,7,5,B,850,,7,1,1,
1946,7,5,B,850,,7,2,2,
1947,7,5,B,850,,7,3,3,
1948,7,5,B,850,,7,4,4,
1949,7,5,B,850,,8,1,1,
1950,7,5,B,850,,8,2,2,
1951,7,5,B,850,,8,3,3,
1952,7,5,B,850,,8,4,4,
1953,7,5,B,850,,9,1,1,
1954,7,5,B,850,,9,2,2,
1955,7,5,B,850,,9,3,3,
1956,7,5,B,850,,9,4,4,
1957,7,5,B,850,,10,1,1,
1958,7,5,B,850,,10,2,2,
1959,7,5,B,850,,10,3,3,
1960,7,5,B,850,,10,4,4,
1961,7,5,B,850,,11,1,1,
1962,7,5,B,850,,11,2,2,
1963,7,5,B,850,,11,3,3,
1964,7,5,B,850,,11,4,4,
1965,7,5,B,850,,12,1,1,
1966,7,5,B,850,,12,2,2,
1967,7,5,B,850,,12,3,3,
1968,7,5,B,850,,12,4,4,
1969,7,6,C,850,,1,1,1,
1970,7,6,C,850,,1,2,2,
1971,7,6,C,850,,1,3,3,
1972,7,6,C,850,,1,4,4,
1973,7,6,C,850,,2,1,1,
1974,7,6,C,850,,2,2,2,
1975,7,6,C,850,,2,3,3,
1976,7,6,C,850,,2,4,4,
1977,7,6,C,850,,3,1,1,
1978,7,6,C,850,,3,2,2,
1979,7,6,C,850,,3,3,3,
1980,7,6,C,850,,3,4,4,
1981,7,6,C,850,,4,1,1,
1982,7,6,C,850,,4,2,2,
1983,7,6,C,850,,4,3,3,
1984,7,6,C,850,,4,4,4,
1985,7,6,C,850,,5,1,1,
1986,7,6,C,850,,5,2,2,
1987,7,6,C,850,,5,3,3,
1988,7,6,C,850,,5,4,4,
1989,7,6,C,850,,6,1,1,
1990,7,6,C,850,,6,2,2,
1991,7,6,C,850,,6,3,3,
1992,7,6,C,850,,6,4,4,
1993,7,6,C,850,,7,1,1,
1994,7,6,C,850,,7,2,2,
1995,7,6,C,850,,7,3,3,
1996,7,6,C,850,,7,4,4,
1997,7,6,C,850,,8,1,1,
1998,7,6,C,850,,8,2,2,
1999,7,6,C,850,,8,3,3,
2000,7,6,C,850,,8,4,4,
2001,7,6,C,850,,9,1,1,
2002,7,6,C,850,,9,2,2,
2003,7,6,C,850,,9,3,3,
2004,7,6,C,850,,9,4,4,
2005,7,6,C,850,,10,1,1,
2006,7,6,C,850,,10,2,2,
2007,7,6,C,850,,10,3,3,
2008,7,6,C,850,,10,4,4,
2009,7,6,C,850,,11,1,1,
2010,7,6,C,850,,11,2,2,
2011,7,6,C,850,,11,3,3,
2012,7,6,C,850,,11,4,4,
2013,7,6,C,850,,12,1,1,
2014,7,6,C,850,,12,2,2,
2015,7,6,C,850,,12,3,3,
2016,7,6,C,850,,12,4,4,
2017,8,1,A,735,,1,1,1,
2018,8,1,A,735,,1,2,2,
2019,8,1,A,735,,1,3,3,
2020,8,1,A,735,,1,4,4,
2021,8,1,A,735,,2,1,1,
2022,8,1,A,735,,2,2,2,
2023,8,1,A,735,,2,3,3,
2024,8,1,A,735,,2,4,4,
2025,8,1,A,735,,3,1,1,
2026,8,1,A,735,,3,2,2,
2027,8,1,A,735,,3,3,3,
2028,8,1,A,735,,3,4,4,
2029,8,1,A,735,,4,1,1,
2030,8,1,A,735,,4,2,2,
2031,8,1,A,735,,4,3,3,
2032,8,1,A,735,,4,4,4,
2033,8,1,A,735,,5,1,1,
2034,8,1,A,735,,5,2,2,
2035,8,1,A,735,,5,3,3,
2036,8,1,A,735,,5,4,4,
2037,8,1,A,735,,6,1,1,
2038,8,1,A,735,,6,2,2,
2039,8,1,A,735,,6,3,3,
2040,8,1,A,735,,6,4,4,
2041,8,1,A,735,,7,1,1,
2042,8,1,A,735,,7,2,2,
2043,8,1,A,735,,7,3,3,
2044,8,1,A,735,,7,4,4,
2045,8,1,A,735,,8,1,1,
2046,8,1,A,735,,8,2,2,
2047,8,1,A,735,,8,3,3,
2048,8,1,A,735,,8,4,4,
2049,8,1,A,735,,9,1,1,
2050,8,1,A,735,,9,2,2,
2051,8,1,A,735,,9,3,3,
2052,8,1,A,735,,9,4,4,
2053,8,1,A,735,,10,1,1,
2054,8,1,A,735,,10,2,2,
2055,8,1,A,735,,10,3,3,
2056,8,1,A,735,,10,4,4,
2057,8,1,A,735,,11,1,1,
2058,8,1,A,735,,11,2,2,
2059,8,1,A,735,,11,3,3,
2060,8,1,A,735,,11,4,4,
2061,8,1,A,735,,12,1,1,
2062,8,1,A,735,,12,2,2,
2063,8,1,A,735,,12,3,3,
2064,8,1,A,735,,12,4,4,
2065,8,2,B,735,,1,1,1,
2066,8,2,B,735,,1,2,2,
2067,8,2,B,735,,1,3,3,
2068,8,2,B,735,,1,4,4,
2069,8,2,B,735,,2,1,1,
2070,8,2,B,735,,2,2,2,
2071,8,2,B,735,,2,3,3,
2072,8,2,B,735,,2,4,4,
2073,8,2,B,735,,3,1,1,
2074,8,2,B,735,,3,2,2,
2075,8,2,B,735,,3,3,3,
2076,8,2,B,735,,3,4,4,
2077,8,2,B,735,,4,1,1,
2078,8,2,B,735,,4,2,2,
2079,8,2,B,735,,4,3,3,
2080,8,2,B,735,,4,4,4,
2081,8,2,B,735,,5,1,1,
2082,8,2,B,735,,5,2,2,
2083,8,2,B,735,,5,3,3,
2084,8,2,B,735,,5,4,4,
2085,8,2,B,735,,6,1,1,
2086,8,2,B,735,,6,2,2,
2087,8,2,B,735,,6,3,3,
2088,8,2,B,735,,6,4,4,
2089,8,2,B,735,,7,1,1,
2090,8,2,B,735,,7,2,2,
2091,8,2,B,735,,7,3,3,
2092,8,2,B,735,,7,4,4,
2093,8,2,B,735,,8,1,1,
2094,8,2,B,735,,8,2,2,
2095,8,2,B,735,,8,3,3,
2096,8,2,B,735,,8,4,4,
2097,8,2,B,735,,9,1,1,
2098,8,2,B,735,,9,2,2,
2099,8,2,B,735,,9,3,3,
2100,8,2,B,735,,9,4,4,
2101,8,2,B,735,,10,1,1,
2102,8,2,B,735,,10,2,2,
2103,8,2,B,735,,10,3,3,
2104,8,2,B,735,,10,4,4,
2105,8,2,B,735,,11,1,1,
2106,8,2,B,735,,11,2,2,
2107,8,2,B,735,,11,3,3,
2108,8,2,B,735,,11,4,4,
2109,8,2,B,735,,12,1,1,
2110,8,2,B,735,,12,2,2,
2111,8,2,B,735,,12,3,3,
2112,8,2,B,735,,12,4,4,
2113,8,3,C,735,,1,1,1,
2114,8,3,C,735,,1,2,2,
2115,8,3,C,735,,1,3,3,
2116,8,3,C,735,,1,4,4,
2117,8,3,C,735,,2,1,1,
2118,8,3,C,735,,2,2,2,
2119,8,3,C,735,,2,3,3,
2120,8,3,C,735,,2,4,4,
2121,8,3,C,735,,3,1,1,
2122,8,3,C,735,,3,2,2,
2123,8,3,C,735,,3,3,3,
2124,8,3,C,735,,3,4,4,
2125,8,3,C,735,,4,1,1,
2126,8,3,C,735,,4,2,2,
2127,8,3,C,735,,4,3,3,
2128,8,3,C,735,,4,4,4,
2129,8,3,C,735,,5,1,1,
2130,8,3,C,735,,5,2,2,
2131,8,3,C,735,,5,3,3,
2132,8,3,C,735,,5,4,4,
2133,8,3,C,735,,6,1,1,
2134,8,3,C,735,,6,2,2,
2135,8,3,C,735,,6,3,3,
2136,8,3,C,735,,6,4,4,
2137,8,3,C,735,,7,1,1,
2138,8,3,C,735,,7,2,2,
2139,8,3,C,735,,7,3,3,
2140,8,3,C,735,,7,4,4,
2141,8,3,C,735,,8,1,1,
2142,8,3,C,735,,8,2,2,
2143,8,3,C,735,,8,3,3,
2144,8,3,C,735,,8,4,4,
2145,8,3,C,735,,9,1,1,
2146,8,3,C,735,,9,2,2,
2147,8,3,C,735,,9,3,3,
2148,8,3,C,735,,9,4,4,
2149,8,3,C,735,,10,1,1,
2150,8,3,C,735,,10,2,2,
2151,8,3,C,735,,10,3,3,
2152,8,3,C,735,,10,4,4,
2153,8,3,C,735,,11,1,1,
2154,8,3,C,735,,11,2,2,
2155,8,3,C,735,,11,3,3,
2156,8,3,C,735,,11,4,4,
2157,8,3,C,735,,12,1,1,
2158,8,3,C,735,,12,2,2,
2159,8,3,C,735,,12,3,3,
2160,8,3,C,735,,12,4,4,
2161,8,4,A,850,,1,1,1,
2162,8,4,A,850,,1,2,2,
2163,8,4,A,850,,1,3,3,
2164,8,4,A,850,,1,4,4,
2165,8,4,A,850,,2,1,1,
2166,8,4,A,850,,2,2,2,
2167,8,4,A,850,,2,3,3,
2168,8,4,A,850,,2,4,4,
2169,8,4,A,850,,3,1,1,
2170,8,4,A,850,,3,2,2,
2171,8,4,A,850,,3,3,3,
2172,8,4,A,850,,3,4,4,
2173,8,4,A,850,,4,1,1,
2174,8,4,A,850,,4,2,2,
2175,8,4,A,850,,4,3,3,
2176,8,4,A,850,,4,4,4,
2177,8,4,A,850,,5,1,1,
2178,8,4,A,850,,5,2,2,
2179,8,4,A,850,,5,3,3,
2180,8,4,A,850,,5,4,4,
2181,8,4,A,850,,6,1,1,
2182,8,4,A,850,,6,2,2,
2183,8,4,A,850,,6,3,3,
2184,8,4,A,850,,6,4,4,
2185,8,4,A,850,,7,1,1,
2186,8,4,A,850,,7,2,2,
2187,8,4,A,850,,7,3,3,
2188,8,4,A,850,,7,4,4,
2189,8,4,A,850,,8,1,1,
2190,8,4,A,850,,8,2,2,
2191,8,4,A,850,,8,3,3,
2192,8,4,A,850,,8,4,4,
2193,8,4,A,850,,9,1,1,
2194,8,4,A,850,,9,2,2,
2195,8,4,A,850,,9,3,3,
2196,8,4,A,850,,9,4,4,
2197,8,4,A,850,,10,1,1,
2198,8,4,A,850,,10,2,2,
2199,8,4,A,850,,10,3,3,
2200,8,4,A,850,,10,4,4,
2201,8,4,A,850,,11,1,1,
2202,8,4,A,850,,11,2,2,
2203,8,4,A,850,,11,3,3,
2204,8,4,A,850,,11,4,4,
2205,8,4,A,850,,12,1,1,
2206,8,4,A,850,,12,2,2,
2207,8,4,A,850,,12,3,3,
2208,8,4,A,850,,12,4,4,
2209,8,5,B,850,,1,1,1,
2210,8,5,B,850,,1,2,2,
2211,8,5,B,850,,1,3,3,
2212,8,5,B,850,,1,4,4,
2213,8,5,B,850,,2,1,1,
2214,8,5,B,850,,2,2,2,
2215,8,5,B,850,,2,3,3,
2216,8,5,B,850,,2,4,4,
2217,8,5,B,850,,3,1,1,
2218,8,5,B,850,,3,2,2,
2219,8,5,B,850,,3,3,3,
2220,8,5,B,850,,3,4,4,
2221,8,5,B,850,,4,1,1,
2222,8,5,B,850,,4,2,2,
2223,8,5,B,850,,4,3,3,
2224,8,5,B,850,,4,4,4,
2225,8,5,B,850,,5,1,1,
2226,8,5,B,850,,5,2,2,
2227,8,5,B,850,,5,3,3,
2228,8,5,B,850,,5,4,4,
2229,8,5,B,850,,6,1,1,
2230,8,5,B,850,,6,2,2,
2231,8,5,B,850,,6,3,3,
2232,8,5,B,850,,6,4,4,
2233,8,5,B,850,,7,1,1,
2234,8,5,B,850,,7,2,2,
2235,8,5,B,850,,7,3,3,
2236,8,5,B,850,,7,4,4,
2237,8,5,B,850,,8,1,1,
2238,8,5,B,850,,8,2,2,
2239,8,5,B,850,,8,3,3,
2240,8,5,B,850,,8,4,4,
2241,8,5,B,850,,9,1,1,
2242,8,5,B,850,,9,2,2,
2243,8,5,B,850,,9,3,3,
2244,8,5,B,850,,9,4,4,
2245,8,5,B,850,,10,1,1,
2246,8,5,B,850,,10,2,2,
2247,8,5,B,850,,10,3,3,
2248,8,5,B,850,,10,4,4,
2249,8,5,B,850,,11,1,1,
2250,8,5,B,850,,11,2,2,
2251,8,5,B,850,,11,3,3,
2252,8,5,B,850,,11,4,4,
2253,8,5,B,850,,12,1,1,
2254,8,5,B,850,,12,2,2,
2255,8,5,B,850,,12,3,3,
2256,8,5,B,850,,12,4,4,
2257,8,6,C,850,,1,1,1,
2258,8,6,C,850,,1,2,2,
2259,8,6,C,850,,1,3,3,
2260,8,6,C,850,,1,4,4,
2261,8,6,C,850,,2,1,1,
2262,8,6,C,850,,2,2,2,
2263,8,6,C,850,,2,3,3,
2264,8,6,C,850,,2,4,4,
2265,8,6,C,850,,3,1,1,
2266,8,6,C,850,,3,2,2,
2267,8,6,C,850,,3,3,3,
2268,8,6,C,850,,3,4,4,
2269,8,6,C,850,,4,1,1,
2270,8,6,C,850,,4,2,2,
2271,8,6,C,850,,4,3,3,
2272,8,6,C,850,,4,4,4,
2273,8,6,C,850,,5,1,1,
2274,8,6,C,850,,5,2,2,
2275,8,6,C,850,,5,3,3,
2276,8,6,C,850,,5,4,4,
2277,8,6,C,850,,6,1,1,
2278,8,6,C,850,,6,2,2,
2279,8,6,C,850,,6,3,3,
2280,8,6,C,850,,6,4,4,
2281,8,6,C,850,,7,1,1,
2282,8,6,C,850,,7,2,2,
2283,8,6,C,850,,7,3,3,
2284,8,6,C,850,,7,4,4,
2285,8,6,C,850,,8,1,1,
2286,8,6,C,850,,8,2,2,
2287,8,6,C,850,,8,3,3,
2288,8,6,C,850,,8,4,4,
2289,8,6,C,850,,9,1,1,
2290,8,6,C,850,,9,2,2,
2291,8,6,C,850,,9,3,3,
2292,8,6,C,850,,9,4,4,
2293,8,6,C,850,,10,1,1,
2294,8,6,C,850,,10,2,2,
2295,8,6,C,850,,10,3,3,
2296,8,6,C,850,,10,4,4,
2297,8,6,C,850,,11,1,1,
2298,8,6,C,850,,11,2,2,
2299,8,6,C,850,,11,3,3,
2300,8,6,C,850,,11,4,4,
2301,8,6,C,850,,12,1,1,
2302,8,6,C,850,,12,2,2,
2303,8,6,C,850,,12,3,3,
2304,8,6,C,850,,12,4,4,
2305,9,1,A,735,,1,1,1,
2306,9,1,A,735,,1,2,2,
2307,9,1,A,735,,1,3,3,
2308,9,1,A,735,,1,4,4,
2309,9,1,A,735,,2,1,1,
2310,9,1,A,735,,2,2,2,
2311,9,1,A,735,,2,3,3,
2312,9,1,A,735,,2,4,4,
2313,9,1,A,735,,3,1,1,
2314,9,1,A,735,,3,2,2,
2315,9,1,A,735,,3,3,3,
2316,9,1,A,735,,3,4,4,
2317,9,1,A,735,,4,1,1,
2318,9,1,A,735,,4,2,2,
2319,9,1,A,735,,4,3,3,
2320,9,1,A,735,,4,4,4,
2321,9,1,A,735,,5,1,1,
2322,9,1,A,735,,5,2,2,
2323,9,1,A,735,,5,3,3,
2324,9,1,A,735,,5,4,4,
2325,9,1,A,735,,6,1,1,
2326,9,1,A,735,,6,2,2,
2327,9,1,A,735,,6,3,3,
2328,9,1,A,735,,6,4,4,
2329,9,1,A,735,,7,1,1,
2330,9,1,A,735,,7,2,2,
2331,9,1,A,735,,7,3,3,
2332,9,1,A,735,,7,4,4,
2333,9,1,A,735,,8,1,1,
2334,9,1,A,735,,8,2,2,
2335,9,1,A,735,,8,3,3,
2336,9,1,A,735,,8,4,4,
2337,9,1,A,735,,9,1,1,
2338,9,1,A,735,,9,2,2,
2339,9,1,A,735,,9,3,3,
2340,9,1,A,735,,9,4,4,
2341,9,1,A,735,,10,1,1,
2342,9,1,A,735,,10,2,2,
2343,9,1,A,735,,10,3,3,
2344,9,1,A,735,,10,4,4,
2345,9,1,A,735,,11,1,1,
2346,9,1,A,735,,11,2,2,
2347,9,1,A,735,,11,3,3,
2348,9,1,A,735,,11,4,4,
2349,9,1,A,735,,12,1,1,
2350,9,1,A,735,,12,2,2,
2351,9,1,A,735,,12,3,3,
2352,9,1,A,735,,12,4,4,
2353,9,2,B,735,,1,1,1,
2354,9,2,B,735,,1,2,2,
2355,9,2,B,735,,1,3,3,
2356,9,2,B,735,,1,4,4,
2357,9,2,B,735,,2,1,1,
2358,9,2,B,735,,2,2,2,
2359,9,2,B,735,,2,3,3,
2360,9,2,B,735,,2,4,4,
2361,9,2,B,735,,3,1,1,
2362,9,2,B,735,,3,2,2,
2363,9,2,B,735,,3,3,3,
2364,9,2,B,735,,3,4,4,
2365,9,2,B,735,,4,1,1,
2366,9,2,B,735,,4,2,2,
2367,9,2,B,735,,4,3,3,
2368,9,2,B,735,,4,4,4,
2369,9,2,B,735,,5,1,1,
2370,9,2,B,735,,5,2,2,
2371,9,2,B,735,,5,3,3,
2372,9,2,B,735,,5,4,4,
2373,9,2,B,735,,6,1,1,
2374,9,2,B,735,,6,2,2,
2375,9,2,B,735,,6,3,3,
2376,9,2,B,735,,6,4,4,
2377,9,2,B,735,,7,1,1,
2378,9,2,B,735,,7,2,2,
2379,9,2,B,735,,7,3,3,
2380,9,2,B,735,,7,4,4,
2381,9,2,B,735,,8,1,1,
2382,9,2,B,735,,8,2,2,
2383,9,2,B,735,,8,3,3,
2384,9,2,B,735,,8,4,4,
2385,9,2,B,735,,9,1,1,
2386,9,2,B,735,,9,2,2,
2387,9,2,B,735,,9,3,3,
2388,9,2,B,735,,9,4,4,
2389,9,2,B,735,,10,1,1,
2390,9,2,B,735,,10,2,2,
2391,9,2,B,735,,10,3,3,
2392,9,2,B,735,,10,4,4,
2393,9,2,B,735,,11,1,1,
2394,9,2,B,735,,11,2,2,
2395,9,2,B,735,,11,3,3,
2396,9,2,B,735,,11,4,4,
2397,9,2,B,735,,12,1,1,
2398,9,2,B,735,,12,2,2,
2399,9,2,B,735,,12,3,3,
2400,9,2,B,735,,12,4,4,
2401,9,3,C,735,,1,1,1,
2402,9,3,C,735,,1,2,2,
2403,9,3,C,735,,1,3,3,
2404,9,3,C,735,,1,4,4,
2405,9,3,C,735,,2,1,1,
2406,9,3,C,735,,2,2,2,
2407,9,3,C,735,,2,3,3,
2408,9,3,C,735,,2,4,4,
2409,9,3,C,735,,3,1,1,
2410,9,3,C,735,,3,2,2,
2411,9,3,C,735,,3,3,3,
2412,9,3,C,735,,3,4,4,
2413,9,3,C,735,,4,1,1,
2414,9,3,C,735,,4,2,2,
2415,9,3,C,735,,4,3,3,
2416,9,3,C,735,,4,4,4,
2417,9,3,C,735,,5,1,1,
2418,9,3,C,735,,5,2,2,
2419,9,3,C,735,,5,3,3,
2420,9,3,C,735,,5,4,4,
2421,9,3,C,735,,6,1,1,
2422,9,3,C,735,,6,2,2,
2423,9,3,C,735,,6,3,3,
2424,9,3,C,735,,6,4,4,
2425,9,3,C,735,,7,1,1,
2426,9,3,C,735,,7,2,2,
2427,9,3,C,735,,7,3,3,
2428,9,3,C,735,,7,4,4,
2429,9,3,C,735,,8,1,1,
2430,9,3,C,735,,8,2,2,
2431,9,3,C,735,,8,3,3,
2432,9,3,C,735,,8,4,4,
2433,9,3,C,735,,9,1,1,
2434,9,3,C,735,,9,2,2,
2435,9,3,C,735,,9,3,3,
2436,9,3,C,735,,9,4,4,
2437,9,3,C,735,,10,1,1,
2438,9,3,C,735,,10,2,2,
2439,9,3,C,735,,10,3,3,
2440,9,3,C,735,,10,4,4,
2441,9,3,C,735,,11,1,1,
2442,9,3,C,735,,11,2,2,
2443,9,3,C,735,,11,3,3,
2444,9,3,C,735,,11,4,4,
2445,9,3,C,735,,12,1,1,
2446,9,3,C,735,,12,2,2,
2447,9,3,C,735,,12,3,3,
2448,9,3,C,735,,12,4,4,
2449,9,4,A,850,,1,1,1,
2450,9,4,A,850,,1,2,2,
2451,9,4,A,850,,1,3,3,
2452,9,4,A,850,,1,4,4,
2453,9,4,A,850,,2,1,1,
2454,9,4,A,850,,2,2,2,
2455,9,4,A,850,,2,3,3,
2456,9,4,A,850,,2,4,4,
2457,9,4,A,850,,3,1,1,
2458,9,4,A,850,,3,2,2,
2459,9,4,A,850,,3,3,3,
2460,9,4,A,850,,3,4,4,
2461,9,4,A,850,,4,1,1,
2462,9,4,A,850,,4,2,2,
2463,9,4,A,850,,4,3,3,
2464,9,4,A,850,,4,4,4,
2465,9,4,A,850,,5,1,1,
2466,9,4,A,850,,5,2,2,
2467,9,4,A,850,,5,3,3,
2468,9,4,A,850,,5,4,4,
2469,9,4,A,850,,6,1,1,
2470,9,4,A,850,,6,2,2,
2471,9,4,A,850,,6,3,3,
2472,9,4,A,850,,6,4,4,
2473,9,4,A,850,,7,1,1,
2474,9,4,A,850,,7,2,2,
2475,9,4,A,850,,7,3,3,
2476,9,4,A,850,,7,4,4,
2477,9,4,A,850,,8,1,1,
2478,9,4,A,850,,8,2,2,
2479,9,4,A,850,,8,3,3,
2480,9,4,A,850,,8,4,4,
2481,9,4,A,850,,9,1,1,
2482,9,4,A,850,,9,2,2,
2483,9,4,A,850,,9,3,3,
2484,9,4,A,850,,9,4,4,
2485,9,4,A,850,,10,1,1,
2486,9,4,A,850,,10,2,2,
2487,9,4,A,850,,10,3,3,
2488,9,4,A,850,,10,4,4,
2489,9,4,A,850,,11,1,1,
2490,9,4,A,850,,11,2,2,
2491,9,4,A,850,,11,3,3,
2492,9,4,A,850,,11,4,4,
2493,9,4,A,850,,12,1,1,
2494,9,4,A,850,,12,2,2,
2495,9,4,A,850,,12,3,3,
2496,9,4,A,850,,12,4,4,
2497,9,5,B,850,,1,1,1,
2498,9,5,B,850,,1,2,2,
2499,9,5,B,850,,1,3,3,
2500,9,5,B,850,,1,4,4,
2501,9,5,B,850,,2,1,1,
2502,9,5,B,850,,2,2,2,
2503,9,5,B,850,,2,3,3,
2504,9,5,B,850,,2,4,4,
2505,9,5,B,850,,3,1,1,
2506,9,5,B,850,,3,2,2,
2507,9,5,B,850,,3,3,3,
2508,9,5,B,850,,3,4,4,
2509,9,5,B,850,,4,1,1,
2510,9,5,B,850,,4,2,2,
2511,9,5,B,850,,4,3,3,
2512,9,5,B,850,,4,4,4,
2513,9,5,B,850,,5,1,1,
2514,9,5,B,850,,5,2,2,
2515,9,5,B,850,,5,3,3,
2516,9,5,B,850,,5,4,4,
2517,9,5,B,850,,6,1,1,
2518,9,5,B,850,,6,2,2,
2519,9,5,B,850,,6,3,3,
2520,9,5,B,850,,6,4,4,
2521,9,5,B,850,,7,1,1,
2522,9,5,B,850,,7,2,2,
2523,9,5,B,850,,7,3,3,
2524,9,5,B,850,,7,4,4,
2525,9,5,B,850,,8,1,1,
2526,9,5,B,850,,8,2,2,
2527,9,5,B,850,,8,3,3,
2528,9,5,B,850,,8,4,4,
2529,9,5,B,850,,9,1,1,
2530,9,5,B,850,,9,2,2,
2531,9,5,B,850,,9,3,3,
2532,9,5,B,850,,9,4,4,
2533,9,5,B,850,,10,1,1,
2534,9,5,B,850,,10,2,2,
2535,9,5,B,850,,10,3,3,
2536,9,5,B,850,,10,4,4,
2537,9,5,B,850,,11,1,1,
2538,9,5,B,850,,11,2,2,
2539,9,5,B,850,,11,3,3,
2540,9,5,B,850,,11,4,4,
2541,9,5,B,850,,12,1,1,
2542,9,5,B,850,,12,2,2,
2543,9,5,B,850,,12,3,3,
2544,9,5,B,850,,12,4,4,
2545,9,6,C,850,,1,1,1,
2546,9,6,C,850,,1,2,2,
2547,9,6,C,850,,1,3,3,
2548,9,6,C,850,,1,4,4,
2549,9,6,C,850,,2,1,1,
2550,9,6,C,850,,2,2,2,
2551,9,6,C,850,,2,3,3,
2552,9,6,C,850,,2,4,4,
2553,9,6,C,850,,3,1,1,
2554,9,6,C,850,,3,2,2,
2555,9,6,C,850,,3,3,3,
2556,9,6,C,850,,3,4,4,
2557,9,6,C,850,,4,1,1,
2558,9,6,C,850,,4,2,2,
2559,9,6,C,850,,4,3,3,
2560,9,6,C,850,,4,4,4,
2561,9,6,C,850,,5,1,1,
2562,9,6,C,850,,5,2,2,
2563,9,6,C,850,,5,3,3,
2564,9,6,C,850,,5,4,4,
2565,9,6,C,850,,6,1,1,
2566,9,6,C,850,,6,2,2,
2567,9,6,C,850,,6,3,3,
2568,9,6,C,850,,6,4,4,
2569,9,6,C,850,,7,1,1,
2570,9,6,C,850,,7,2,2,
2571,9,6,C,850,,7,3,3,
2572,9,6,C,850,,7,4,4,
2573,9,6,C,850,,8,1,1,
2574,9,6,C,850,,8,2,2,
2575,9,6,C,850,,8,3,3,
2576,9,6,C,850,,8,4,4,
2577,9,6,C,850,,9,1,1,
2578,9,6,C,850,,9,2,2,
2579,9,6,C,850,,9,3,3,
2580,9,6,C,850,,9,4,4,
2581,9,6,C,850,,10,1,1,
2582,9,6,C,850,,10,2,2,
2583,9,6,C,850,,10,3,3,
2584,9,6,C,850,,10,4,4,
2585,9,6,C,850,,11,1,1,
2586,9,6,C,850,,11,2,2,
2587,9,6,C,850,,11,3,3,
2588,9,6,C,850,,11,4,4,
2589,9,6,C,850,,12,1,1,
2590,9,6,C,850,,12,2,2,
2591,9,6,C,850,,12,3,3,
2592,9,6,C,850,,12,4,4,
2593,10,1,A,735,,1,1,1,
2594,10,1,A,735,,1,2,2,
2595,10,1,A,735,,1,3,3,
2596,10,1,A,735,,1,4,4,
2597,10,1,A,735,,2,1,1,
2598,10,1,A,735,,2,2,2,
2599,10,1,A,735,,2,3,3,
2600,10,1,A,735,,2,4,4,
2601,10,1,A,735,,3,1,1,
2602,10,1,A,735,,3,2,2,
2603,10,1,A,735,,3,3,3,
2604,10,1,A,735,,3,4,4,
2605,10,1,A,735,,4,1,1,
2606,10,1,A,735,,4,2,2,
2607,10,1,A,735,,4,3,3,
2608,10,1,A,735,,4,4,4,
2609,10,1,A,735,,5,1,1,
2610,10,1,A,735,,5,2,2,
2611,10,1,A,735,,5,3,3,
2612,10,1,A,735,,5,4,4,
2613,10,1,A,735,,6,1,1,
2614,10,1,A,735,,6,2,2,
2615,10,1,A,735,,6,3,3,
2616,10,1,A,735,,6,4,4,
2617,10,1,A,735,,7,1,1,
2618,10,1,A,735,,7,2,2,
2619,10,1,A,735,,7,3,3,
2620,10,1,A,735,,7,4,4,
2621,10,1,A,735,,8,1,1,
2622,10,1,A,735,,8,2,2,
2623,10,1,A,735,,8,3,3,
2624,10,1,A,735,,8,4,4,
2625,10,1,A,735,,9,1,1,
2626,10,1,A,735,,9,2,2,
2627,10,1,A,735,,9,3,3,
2628,10,1,A,735,,9,4,4,
2629,10,1,A,735,,10,1,1,
2630,10,1,A,735,,10,2,2,
2631,10,1,A,735,,10,3,3,
2632,10,1,A,735,,10,4,4,
2633,10,1,A,735,,11,1,1,
2634,10,1,A,735,,11,2,2,
2635,10,1,A,735,,11,3,3,
2636,10,1,A,735,,11,4,4,
2637,10,1,A,735,,12,1,1,
2638,10,1,A,735,,12,2,2,
2639,10,1,A,735,,12,3,3,
2640,10,1,A,735,,12,4,4,
2641,10,2,B,735,,1,1,1,
2642,10,2,B,735,,1,2,2,
2643,10,2,B,735,,1,3,3,
2644,10,2,B,735,,1,4,4,
2645,10,2,B,735,,2,1,1,
2646,10,2,B,735,,2,2,2,
2647,10,2,B,735,,2,3,3,
2648,10,2,B,735,,2,4,4,
2649,10,2,B,735,,3,1,1,
2650,10,2,B,735,,3,2,2,
2651,10,2,B,735,,3,3,3,
2652,10,2,B,735,,3,4,4,
2653,10,2,B,735,,4,1,1,
2654,10,2,B,735,,4,2,2,
2655,10,2,B,735,,4,3,3,
2656,10,2,B,735,,4,4,4,
2657,10,2,B,735,,5,1,1,
2658,10,2,B,735,,5,2,2,
2659,10,2,B,735,,5,3,3,
2660,10,2,B,735,,5,4,4,
2661,10,2,B,735,,6,1,1,
2662,10,2,B,735,,6,2,2,
2663,10,2,B,735,,6,3,3,
2664,10,2,B,735,,6,4,4,
2665,10,2,B,735,,7,1,1,
2666,10,2,B,735,,7,2,2,
2667,10,2,B,735,,7,3,3,
2668,10,2,B,735,,7,4,4,
2669,10,2,B,735,,8,1,1,
2670,10,2,B,735,,8,2,2,
2671,10,2,B,735,,8,3,3,
2672,10,2,B,735,,8,4,4,
2673,10,2,B,735,,9,1,1,
2674,10,2,B,735,,9,2,2,
2675,10,2,B,735,,9,3,3,
2676,10,2,B,735,,9,4,4,
2677,10,2,B,735,,10,1,1,
2678,10,2,B,735,,10,2,2,
2679,10,2,B,735,,10,3,3,
2680,10,2,B,735,,10,4,4,
2681,10,2,B,735,,11,1,1,
2682,10,2,B,735,,11,2,2,
2683,10,2,B,735,,11,3,3,
2684,10,2,B,735,,11,4,4,
2685,10,2,B,735,,12,1,1,
2686,10,2,B,735,,12,2,2,
2687,10,2,B,735,,12,3,3,
2688,10,2,B,735,,12,4,4,
2689,10,3,C,735,,1,1,1,
2690,10,3,C,735,,1,2,2,
2691,10,3,C,735,,1,3,3,
2692,10,3,C,735,,1,4,4,
2693,10,3,C,735,,2,1,1,
2694,10,3,C,735,,2,2,2,
2695,10,3,C,735,,2,3,3,
2696,10,3,C,735,,2,4,4,
2697,10,3,C,735,,3,1,1,
2698,10,3,C,735,,3,2,2,
2699,10,3,C,735,,3,3,3,
2700,10,3,C,735,,3,4,4,
2701,10,3,C,735,,4,1,1,
2702,10,3,C,735,,4,2,2,
2703,10,3,C,735,,4,3,3,
2704,10,3,C,735,,4,4,4,
2705,10,3,C,735,,5,1,1,
2706,10,3,C,735,,5,2,2,
2707,10,3,C,735,,5,3,3,
2708,10,3,C,735,,5,4,4,
2709,10,3,C,735,,6,1,1,
2710,10,3,C,735,,6,2,2,
2711,10,3,C,735,,6,3,3,
2712,10,3,C,735,,6,4,4,
2713,10,3,C,735,,7,1,1,
2714,10,3,C,735,,7,2,2,
2715,10,3,C,735,,7,3,3,
2716,10,3,C,735,,7,4,4,
2717,10,3,C,735,,8,1,1,
2718,10,3,C,735,,8,2,2,
2719,10,3,C,735,,8,3,3,
2720,10,3,C,735,,8,4,4,
2721,10,3,C,735,,9,1,1,
2722,10,3,C,735,,9,2,2,
2723,10,3,C,735,,9,3,3,
2724,10,3,C,735,,9,4,4,
2725,10,3,C,735,,10,1,1,
2726,10,3,C,735,,10,2,2,
2727,10,3,C,735,,10,3,3,
2728,10,3,C,735,,10,4,4,
2729,10,3,C,735,,11,1,1,
2730,10,3,C,735,,11,2,2,
2731,10,3,C,735,,11,3,3,
2732,10,3,C,735,,11,4,4,
2733,10,3,C,735,,12,1,1,
2734,10,3,C,735,,12,2,2,
2735,10,3,C,735,,12,3,3,
2736,10,3,C,735,,12,4,4,
2737,10,4,A,850,,1,1,1,
2738,10,4,A,850,,1,2,2,
2739,10,4,A,850,,1,3,3,
2740,10,4,A,850,,1,4,4,
2741,10,4,A,850,,2,1,1,
2742,10,4,A,850,,2,2,2,
2743,10,4,A,850,,2,3,3,
2744,10,4,A,850,,2,4,4,
2745,10,4,A,850,,3,1,1,
2746,10,4,A,850,,3,2,2,
2747,10,4,A,850,,3,3,3,
2748,10,4,A,850,,3,4,4,
2749,10,4,A,850,,4,1,1,
2750,10,4,A,850,,4,2,2,
2751,10,4,A,850,,4,3,3,
2752,10,4,A,850,,4,4,4,
2753,10,4,A,850,,5,1,1,
2754,10,4,A,850,,5,2,2,
2755,10,4,A,850,,5,3,3,
2756,10,4,A,850,,5,4,4,
2757,10,4,A,850,,6,1,1,
2758,10,4,A,850,,6,2,2,
2759,10,4,A,850,,6,3,3,
2760,10,4,A,850,,6,4,4,
2761,10,4,A,850,,7,1,1,
2762,10,4,A,850,,7,2,2,
2763,10,4,A,850,,7,3,3,
2764,10,4,A,850,,7,4,4,
2765,10,4,A,850,,8,1,1,
2766,10,4,A,850,,8,2,2,
2767,10,4,A,850,,8,3,3,
2768,10,4,A,850,,8,4,4,
2769,10,4,A,850,,9,1,1,
2770,10,4,A,850,,9,2,2,
2771,10,4,A,850,,9,3,3,
2772,10,4,A,850,,9,4,4,
2773,10,4,A,850,,10,1,1,
2774,10,4,A,850,,10,2,2,
2775,10,4,A,850,,10,3,3,
2776,10,4,A,850,,10,4,4,
2777,10,4,A,850,,11,1,1,
2778,10,4,A,850,,11,2,2,
2779,10,4,A,850,,11,3,3,
2780,10,4,A,850,,11,4,4,
2781,10,4,A,850,,12,1,1,
2782,10,4,A,850,,12,2,2,
2783,10,4,A,850,,12,3,3,
2784,10,4,A,850,,12,4,4,
2785,10,5,B,850,,1,1,1,
2786,10,5,B,850,,1,2,2,
2787,10,5,B,850,,1,3,3,
2788,10,5,B,850,,1,4,4,
2789,10,5,B,850,,2,1,1,
2790,10,5,B,850,,2,2,2,
2791,10,5,B,850,,2,3,3,
2792,10,5,B,850,,2,4,4,
2793,10,5,B,850,,3,1,1,
2794,10,5,B,850,,3,2,2,
2795,10,5,B,850,,3,3,3,
2796,10,5,B,850,,3,4,4,
2797,10,5,B,850,,4,1,1,
2798,10,5,B,850,,4,2,2,
2799,10,5,B,850,,4,3,3,
2800,10,5,B,850,,4,4,4,
2801,10,5,B,850,,5,1,1,
2802,10,5,B,850,,5,2,2,
2803,10,5,B,850,,5,3,3,
2804,10,5,B,850,,5,4,4,
2805,10,5,B,850,,6,1,1,
2806,10,5,B,850,,6,2,2,
2807,10,5,B,850,,6,3,3,
2808,10,5,B,850,,6,4,4,
2809,10,5,B,850,,7,1,1,
2810,10,5,B,850,,7,2,2,
2811,10,5,B,850,,7,3,3,
2812,10,5,B,850,,7,4,4,
2813,10,5,B,850,,8,1,1,
2814,10,5,B,850,,8,2,2,
2815,10,5,B,850,,8,3,3,
2816,10,5,B,850,,8,4,4,
2817,10,5,B,850,,9,1,1,
2818,10,5,B,850,,9,2,2,
2819,10,5,B,850,,9,3,3,
2820,10,5,B,850,,9,4,4,
2821,10,5,B,850,,10,1,1,
2822,10,5,B,850,,10,2,2,
2823,10,5,B,850,,10,3,3,
2824,10,5,B,850,,10,4,4,
2825,10,5,B,850,,11,1,1,
2826,10,5,B,850,,11,2,2,
2827,10,5,B,850,,11,3,3,
2828,10,5,B,850,,11,4,4,
2829,10,5,B,850,,12,1,1,
2830,10,5,B,850,,12,2,2,
2831,10,5,B,850,,12,3,3,
2832,10,5,B,850,,12,4,4,
2833,10,6,C,850,,1,1,1,
2834,10,6,C,850,,1,2,2,
2835,10,6,C,850,,1,3,3,
2836,10,6,C,850,,1,4,4,
2837,10,6,C,850,,2,1,1,
2838,10,6,C,850,,2,2,2,
2839,10,6,C,850,,2,3,3,
2840,10,6,C,850,,2,4,4,
2841,10,6,C,850,,3,1,1,
2842,10,6,C,850,,3,2,2,
2843,10,6,C,850,,3,3,3,
2844,10,6,C,850,,3,4,4,
2845,10,6,C,850,,4,1,1,
2846,10,6,C,850,,4,2,2,
2847,10,6,C,850,,4,3,3,
2848,10,6,C,850,,4,4,4,
2849,10,6,C,850,,5,1,1,
2850,10,6,C,850,,5,2,2,
2851,10,6,C,850,,5,3,3,
2852,10,6,C,850,,5,4,4,
2853,10,6,C,850,,6,1,1,
2854,10,6,C,850,,6,2,2,
2855,10,6,C,850,,6,3,3,
2856,10,6,C,850,,6,4,4,
2857,10,6,C,850,,7,1,1,
2858,10,6,C,850,,7,2,2,
2859,10,6,C,850,,7,3,3,
2860,10,6,C,850,,7,4,4,
2861,10,6,C,850,,8,1,1,
2862,10,6,C,850,,8,2,2,
2863,10,6,C,850,,8,3,3,
2864,10,6,C,850,,8,4,4,
2865,10,6,C,850,,9,1,1,
2866,10,6,C,850,,9,2,2,
2867,10,6,C,850,,9,3,3,
2868,10,6,C,850,,9,4,4,
2869,10,6,C,850,,10,1,1,
2870,10,6,C,850,,10,2,2,
2871,10,6,C,850,,10,3,3,
2872,10,6,C,850,,10,4,4,
2873,10,6,C,850,,11,1,1,
2874,10,6,C,850,,11,2,2,
2875,10,6,C,850,,11,3,3,
2876,10,6,C,850,,11,4,4,
2877,10,6,C,850,,12,1,1,
2878,10,6,C,850,,12,2,2,
2879,10,6,C,850,,12,3,3,
2880,10,6,C,850,,12,4,4,
2881,11,1,A,735,,1,1,1,
2882,11,1,A,735,,1,2,2,
2883,11,1,A,735,,1,3,3,
2884,11,1,A,735,,1,4,4,
2885,11,1,A,735,,2,1,1,
2886,11,1,A,735,,2,2,2,
2887,11,1,A,735,,2,3,3,
2888,11,1,A,735,,2,4,4,
2889,11,1,A,735,,3,1,1,
2890,11,1,A,735,,3,2,2,
2891,11,1,A,735,,3,3,3,
2892,11,1,A,735,,3,4,4,
2893,11,1,A,735,,4,1,1,
2894,11,1,A,735,,4,2,2,
2895,11,1,A,735,,4,3,3,
2896,11,1,A,735,,4,4,4,
2897,11,1,A,735,,5,1,1,
2898,11,1,A,735,,5,2,2,
2899,11,1,A,735,,5,3,3,
2900,11,1,A,735,,5,4,4,
2901,11,1,A,735,,6,1,1,
2902,11,1,A,735,,6,2,2,
2903,11,1,A,735,,6,3,3,
2904,11,1,A,735,,6,4,4,
2905,11,1,A,735,,7,1,1,
2906,11,1,A,735,,7,2,2,
2907,11,1,A,735,,7,3,3,
2908,11,1,A,735,,7,4,4,
2909,11,1,A,735,,8,1,1,
2910,11,1,A,735,,8,2,2,
2911,11,1,A,735,,8,3,3,
2912,11,1,A,735,,8,4,4,
2913,11,1,A,735,,9,1,1,
2914,11,1,A,735,,9,2,2,
2915,11,1,A,735,,9,3,3,
2916,11,1,A,735,,9,4,4,
2917,11,1,A,735,,10,1,1,
2918,11,1,A,735,,10,2,2,
2919,11,1,A,735,,10,3,3,
2920,11,1,A,735,,10,4,4,
2921,11,1,A,735,,11,1,1,
2922,11,1,A,735,,11,2,2,
2923,11,1,A,735,,11,3,3,
2924,11,1,A,735,,11,4,4,
2925,11,1,A,735,,12,1,1,
2926,11,1,A,735,,12,2,2,
2927,11,1,A,735,,12,3,3,
2928,11,1,A,735,,12,4,4,
2929,11,2,B,735,,1,1,1,
2930,11,2,B,735,,1,2,2,
2931,11,2,B,735,,1,3,3,
2932,11,2,B,735,,1,4,4,
2933,11,2,B,735,,2,1,1,
2934,11,2,B,735,,2,2,2,
2935,11,2,B,735,,2,3,3,
2936,11,2,B,735,,2,4,4,
2937,11,2,B,735,,3,1,1,
2938,11,2,B,735,,3,2,2,
2939,11,2,B,735,,3,3,3,
2940,11,2,B,735,,3,4,4,
2941,11,2,B,735,,4,1,1,
2942,11,2,B,735,,4,2,2,
2943,11,2,B,735,,4,3,3,
2944,11,2,B,735,,4,4,4,
2945,11,2,B,735,,5,1,1,
2946,11,2,B,735,,5,2,2,
2947,11,2,B,735,,5,3,3,
2948,11,2,B,735,,5,4,4,
2949,11,2,B,735,,6,1,1,
2950,11,2,B,735,,6,2,2,
2951,11,2,B,735,,6,3,3,
2952,11,2,B,735,,6,4,4,
2953,11,2,B,735,,7,1,1,
2954,11,2,B,735,,7,2,2,
2955,11,2,B,735,,7,3,3,
2956,11,2,B,735,,7,4,4,
2957,11,2,B,735,,8,1,1,
2958,11,2,B,735,,8,2,2,
2959,11,2,B,735,,8,3,3,
2960,11,2,B,735,,8,4,4,
2961,11,2,B,735,,9,1,1,
2962,11,2,B,735,,9,2,2,
2963,11,2,B,735,,9,3,3,
2964,11,2,B,735,,9,4,4,
2965,11,2,B,735,,10,1,1,
2966,11,2,B,735,,10,2,2,
2967,11,2,B,735,,10,3,3,
2968,11,2,B,735,,10,4,4,
2969,11,2,B,735,,11,1,1,
2970,11,2,B,735,,11,2,2,
2971,11,2,B,735,,11,3,3,
2972,11,2,B,735,,11,4,4,
2973,11,2,B,735,,12,1,1,
2974,11,2,B,735,,12,2,2,
2975,11,2,B,735,,12,3,3,
2976,11,2,B,735,,12,4,4,
2977,11,3,C,735,,1,1,1,
2978,11,3,C,735,,1,2,2,
2979,11,3,C,735,,1,3,3,
2980,11,3,C,735,,1,4,4,
2981,11,3,C,735,,2,1,1,
2982,11,3,C,735,,2,2,2,
2983,11,3,C,735,,2,3,3,
2984,11,3,C,735,,2,4,4,
2985,11,3,C,735,,3,1,1,
2986,11,3,C,735,,3,2,2,
2987,11,3,C,735,,3,3,3,
2988,11,3,C,735,,3,4,4,
2989,11,3,C,735,,4,1,1,
2990,11,3,C,735,,4,2,2,
2991,11,3,C,735,,4,3,3,
2992,11,3,C,735,,4,4,4,
2993,11,3,C,735,,5,1,1,
2994,11,3,C,735,,5,2,2,
2995,11,3,C,735,,5,3,3,
2996,11,3,C,735,,5,4,4,
2997,11,3,C,735,,6,1,1,
2998,11,3,C,735,,6,2,2,
2999,11,3,C,735,,6,3,3,
3000,11,3,C,735,,6,4,4,
3001,11,3,C,735,,7,1,1,
3002,11,3,C,735,,7,2,2,
3003,11,3,C,735,,7,3,3,
3004,11,3,C,735,,7,4,4,
3005,11,3,C,735,,8,1,1,
3006,11,3,C,735,,8,2,2,
3007,11,3,C,735,,8,3,3,
3008,11,3,C,735,,8,4,4,
3009,11,3,C,735,,9,1,1,
3010,11,3,C,735,,9,2,2,
3011,11,3,C,735,,9,3,3,
3012,11,3,C,735,,9,4,4,
3013,11,3,C,735,,10,1,1,
3014,11,3,C,735,,10,2,2,
3015,11,3,C,735,,10,3,3,
3016,11,3,C,735,,10,4,4,
3017,11,3,C,735,,11,1,1,
3018,11,3,C,735,,11,2,2,
3019,11,3,C,735,,11,3,3,
3020,11,3,C,735,,11,4,4,
3021,11,3,C,735,,12,1,1,
3022,11,3,C,735,,12,2,2,
3023,11,3,C,735,,12,3,3,
3024,11,3,C,735,,12,4,4,
3025,11,4,A,850,,1,1,1,
3026,11,4,A,850,,1,2,2,
3027,11,4,A,850,,1,3,3,
3028,11,4,A,850,,1,4,4,
3029,11,4,A,850,,2,1,1,
3030,11,4,A,850,,2,2,2,
3031,11,4,A,850,,2,3,3,
3032,11,4,A,850,,2,4,4,
3033,11,4,A,850,,3,1,1,
3034,11,4,A,850,,3,2,2,
3035,11,4,A,850,,3,3,3,
3036,11,4,A,850,,3,4,4,
3037,11,4,A,850,,4,1,1,
3038,11,4,A,850,,4,2,2,
3039,11,4,A,850,,4,3,3,
3040,11,4,A,850,,4,4,4,
3041,11,4,A,850,,5,1,1,
3042,11,4,A,850,,5,2,2,
3043,11,4,A,850,,5,3,3,
3044,11,4,A,850,,5,4,4,
3045,11,4,A,850,,6,1,1,
3046,11,4,A,850,,6,2,2,
3047,11,4,A,850,,6,3,3,
3048,11,4,A,850,,6,4,4,
3049,11,4,A,850,,7,1,1,
3050,11,4,A,850,,7,2,2,
3051,11,4,A,850,,7,3,3,
3052,11,4,A,850,,7,4,4,
3053,11,4,A,850,,8,1,1,
3054,11,4,A,850,,8,2,2,
3055,11,4,A,850,,8,3,3,
3056,11,4,A,850,,8,4,4,
3057,11,4,A,850,,9,1,1,
3058,11,4,A,850,,9,2,2,
3059,11,4,A,850,,9,3,3,
3060,11,4,A,850,,9,4,4,
3061,11,4,A,850,,10,1,1,
3062,11,4,A,850,,10,2,2,
3063,11,4,A,850,,10,3,3,
3064,11,4,A,850,,10,4,4,
3065,11,4,A,850,,11,1,1,
3066,11,4,A,850,,11,2,2,
3067,11,4,A,850,,11,3,3,
3068,11,4,A,850,,11,4,4,
3069,11,4,A,850,,12,1,1,
3070,11,4,A,850,,12,2,2,
3071,11,4,A,850,,12,3,3,
3072,11,4,A,850,,12,4,4,
3073,11,5,B,850,,1,1,1,
3074,11,5,B,850,,1,2,2,
3075,11,5,B,850,,1,3,3,
3076,11,5,B,850,,1,4,4,
3077,11,5,B,850,,2,1,1,
3078,11,5,B,850,,2,2,2,
3079,11,5,B,850,,2,3,3,
3080,11,5,B,850,,2,4,4,
3081,11,5,B,850,,3,1,1,
3082,11,5,B,850,,3,2,2,
3083,11,5,B,850,,3,3,3,
3084,11,5,B,850,,3,4,4,
3085,11,5,B,850,,4,1,1,
3086,11,5,B,850,,4,2,2,
3087,11,5,B,850,,4,3,3,
3088,11,5,B,850,,4,4,4,
3089,11,5,B,850,,5,1,1,
3090,11,5,B,850,,5,2,2,
3091,11,5,B,850,,5,3,3,
3092,11,5,B,850,,5,4,4,
3093,11,5,B,850,,6,1,1,
3094,11,5,B,850,,6,2,2,
3095,11,5,B,850,,6,3,3,
3096,11,5,B,850,,6,4,4,
3097,11,5,B,850,,7,1,1,
3098,11,5,B,850,,7,2,2,
3099,11,5,B,850,,7,3,3,
3100,11,5,B,850,,7,4,4,
3101,11,5,B,850,,8,1,1,
3102,11,5,B,850,,8,2,2,
3103,11,5,B,850,,8,3,3,
3104,11,5,B,850,,8,4,4,
3105,11,5,B,850,,9,1,1,
3106,11,5,B,850,,9,2,2,
3107,11,5,B,850,,9,3,3,
3108,11,5,B,850,,9,4,4,
3109,11,5,B,850,,10,1,1,
3110,11,5,B,850,,10,2,2,
3111,11,5,B,850,,10,3,3,
3112,11,5,B,850,,10,4,4,
3113,11,5,B,850,,11,1,1,
3114,11,5,B,850,,11,2,2,
3115,11,5,B,850,,11,3,3,
3116,11,5,B,850,,11,4,4,
3117,11,5,B,850,,12,1,1,
3118,11,5,B,850,,12,2,2,
3119,11,5,B,850,,12,3,3,
3120,11,5,B,850,,12,4,4,
3121,11,6,C,850,,1,1,1,
3122,11,6,C,850,,1,2,2,
3123,11,6,C,850,,1,3,3,
3124,11,6,C,850,,1,4,4,
3125,11,6,C,850,,2,1,1,
3126,11,6,C,850,,2,2,2,
3127,11,6,C,850,,2,3,3,
3128,11,6,C,850,,2,4,4,
3129,11,6,C,850,,3,1,1,
3130,11,6,C,850,,3,2,2,
3131,11,6,C,850,,3,3,3,
3132,11,6,C,850,,3,4,4,
3133,11,6,C,850,,4,1,1,
3134,11,6,C,850,,4,2,2,
3135,11,6,C,850,,4,3,3,
3136,11,6,C,850,,4,4,4,
3137,11,6,C,850,,5,1,1,
3138,11,6,C,850,,5,2,2,
3139,11,6,C,850,,5,3,3,
3140,11,6,C,850,,5,4,4,
3141,11,6,C,850,,6,1,1,
3142,11,6,C,850,,6,2,2,
3143,11,6,C,850,,6,3,3,
3144,11,6,C,850,,6,4,4,
3145,11,6,C,850,,7,1,1,
3146,11,6,C,850,,7,2,2,
3147,11,6,C,850,,7,3,3,
3148,11,6,C,850,,7,4,4,
3149,11,6,C,850,,8,1,1,
3150,11,6,C,850,,8,2,2,
3151,11,6,C,850,,8,3,3,
3152,11,6,C,850,,8,4,4,
3153,11,6,C,850,,9,1,1,
3154,11,6,C,850,,9,2,2,
3155,11,6,C,850,,9,3,3,
3156,11,6,C,850,,9,4,4,
3157,11,6,C,850,,10,1,1,
3158,11,6,C,850,,10,2,2,
3159,11,6,C,850,,10,3,3,
3160,11,6,C,850,,10,4,4,
3161,11,6,C,850,,11,1,1,
3162,11,6,C,850,,11,2,2,
3163,11,6,C,850,,11,3,3,
3164,11,6,C,850,,11,4,4,
3165,11,6,C,850,,12,1,1,
3166,11,6,C,850,,12,2,2,
3167,11,6,C,850,,12,3,3,
3168,11,6,C,850,,12,4,4,
3169,12,1,A,735,,1,1,1,
3170,12,1,A,735,,1,2,2,
3171,12,1,A,735,,1,3,3,
3172,12,1,A,735,,1,4,4,
3173,12,1,A,735,,2,1,1,
3174,12,1,A,735,,2,2,2,
3175,12,1,A,735,,2,3,3,
3176,12,1,A,735,,2,4,4,
3177,12,1,A,735,,3,1,1,
3178,12,1,A,735,,3,2,2,
3179,12,1,A,735,,3,3,3,
3180,12,1,A,735,,3,4,4,
3181,12,1,A,735,,4,1,1,
3182,12,1,A,735,,4,2,2,
3183,12,1,A,735,,4,3,3,
3184,12,1,A,735,,4,4,4,
3185,12,1,A,735,,5,1,1,
3186,12,1,A,735,,5,2,2,
3187,12,1,A,735,,5,3,3,
3188,12,1,A,735,,5,4,4,
3189,12,1,A,735,,6,1,1,
3190,12,1,A,735,,6,2,2,
3191,12,1,A,735,,6,3,3,
3192,12,1,A,735,,6,4,4,
3193,12,1,A,735,,7,1,1,
3194,12,1,A,735,,7,2,2,
3195,12,1,A,735,,7,3,3,
3196,12,1,A,735,,7,4,4,
3197,12,1,A,735,,8,1,1,
3198,12,1,A,735,,8,2,2,
3199,12,1,A,735,,8,3,3,
3200,12,1,A,735,,8,4,4,
3201,12,1,A,735,,9,1,1,
3202,12,1,A,735,,9,2,2,
3203,12,1,A,735,,9,3,3,
3204,12,1,A,735,,9,4,4,
3205,12,1,A,735,,10,1,1,
3206,12,1,A,735,,10,2,2,
3207,12,1,A,735,,10,3,3,
3208,12,1,A,735,,10,4,4,
3209,12,1,A,735,,11,1,1,
3210,12,1,A,735,,11,2,2,
3211,12,1,A,735,,11,3,3,
3212,12,1,A,735,,11,4,4,
3213,12,1,A,735,,12,1,1,
3214,12,1,A,735,,12,2,2,
3215,12,1,A,735,,12,3,3,
3216,12,1,A,735,,12,4,4,
3217,12,2,B,735,,1,1,1,
3218,12,2,B,735,,1,2,2,
3219,12,2,B,735,,1,3,3,
3220,12,2,B,735,,1,4,4,
3221,12,2,B,735,,2,1,1,
3222,12,2,B,735,,2,2,2,
3223,12,2,B,735,,2,3,3,
3224,12,2,B,735,,2,4,4,
3225,12,2,B,735,,3,1,1,
3226,12,2,B,735,,3,2,2,
3227,12,2,B,735,,3,3,3,
3228,12,2,B,735,,3,4,4,
3229,12,2,B,735,,4,1,1,
3230,12,2,B,735,,4,2,2,
3231,12,2,B,735,,4,3,3,
3232,12,2,B,735,,4,4,4,
3233,12,2,B,735,,5,1,1,
3234,12,2,B,735,,5,2,2,
3235,12,2,B,735,,5,3,3,
3236,12,2,B,735,,5,4,4,
3237,12,2,B,735,,6,1,1,
3238,12,2,B,735,,6,2,2,
3239,12,2,B,735,,6,3,3,
3240,12,2,B,735,,6,4,4,
3241,12,2,B,735,,7,1,1,
3242,12,2,B,735,,7,2,2,
3243,12,2,B,735,,7,3,3,
3244,12,2,B,735,,7,4,4,
3245,12,2,B,735,,8,1,1,
3246,12,2,B,735,,8,2,2,
3247,12,2,B,735,,8,3,3,
3248,12,2,B,735,,8,4,4,
3249,12,2,B,735,,9,1,1,
3250,12,2,B,735,,9,2,2,
3251,12,2,B,735,,9,3,3,
3252,12,2,B,735,,9,4,4,
3253,12,2,B,735,,10,1,1,
3254,12,2,B,735,,10,2,2,
3255,12,2,B,735,,10,3,3,
3256,12,2,B,735,,10,4,4,
3257,12,2,B,735,,11,1,1,
3258,12,2,B,735,,11,2,2,
3259,12,2,B,735,,11,3,3,
3260,12,2,B,735,,11,4,4,
3261,12,2,B,735,,12,1,1,
3262,12,2,B,735,,12,2,2,
3263,12,2,B,735,,12,3,3,
3264,12,2,B,735,,12,4,4,
3265,12,3,C,735,,1,1,1,
3266,12,3,C,735,,1,2,2,
3267,12,3,C,735,,1,3,3,
3268,12,3,C,735,,1,4,4,
3269,12,3,C,735,,2,1,1,
3270,12,3,C,735,,2,2,2,
3271,12,3,C,735,,2,3,3,
3272,12,3,C,735,,2,4,4,
3273,12,3,C,735,,3,1,1,
3274,12,3,C,735,,3,2,2,
3275,12,3,C,735,,3,3,3,
3276,12,3,C,735,,3,4,4,
3277,12,3,C,735,,4,1,1,
3278,12,3,C,735,,4,2,2,
3279,12,3,C,735,,4,3,3,
3280,12,3,C,735,,4,4,4,
3281,12,3,C,735,,5,1,1,
3282,12,3,C,735,,5,2,2,
3283,12,3,C,735,,5,3,3,
3284,12,3,C,735,,5,4,4,
3285,12,3,C,735,,6,1,1,
3286,12,3,C,735,,6,2,2,
3287,12,3,C,735,,6,3,3,
3288,12,3,C,735,,6,4,4,
3289,12,3,C,735,,7,1,1,
3290,12,3,C,735,,7,2,2,
3291,12,3,C,735,,7,3,3,
3292,12,3,C,735,,7,4,4,
3293,12,3,C,735,,8,1,1,
3294,12,3,C,735,,8,2,2,
3295,12,3,C,735,,8,3,3,
3296,12,3,C,735,,8,4,4,
3297,12,3,C,735,,9,1,1,
3298,12,3,C,735,,9,2,2,
3299,12,3,C,735,,9,3,3,
3300,12,3,C,735,,9,4,4,
3301,12,3,C,735,,10,1,1,
3302,12,3,C,735,,10,2,2,
3303,12,3,C,735,,10,3,3,
3304,12,3,C,735,,10,4,4,
3305,12,3,C,735,,11,1,1,
3306,12,3,C,735,,11,2,2,
3307,12,3,C,735,,11,3,3,
3308,12,3,C,735,,11,4,4,
3309,12,3,C,735,,12,1,1,
3310,12,3,C,735,,12,2,2,
3311,12,3,C,735,,12,3,3,
3312,12,3,C,735,,12,4,4,
3313,12,4,A,850,,1,1,1,
3314,12,4,A,850,,1,2,2,
3315,12,4,A,850,,1,3,3,
3316,12,4,A,850,,1,4,4,
3317,12,4,A,850,,2,1,1,
3318,12,4,A,850,,2,2,2,
3319,12,4,A,850,,2,3,3,
3320,12,4,A,850,,2,4,4,
3321,12,4,A,850,,3,1,1,
3322,12,4,A,850,,3,2,2,
3323,12,4,A,850,,3,3,3,
3324,12,4,A,850,,3,4,4,
3325,12,4,A,850,,4,1,1,
3326,12,4,A,850,,4,2,2,
3327,12,4,A,850,,4,3,3,
3328,12,4,A,850,,4,4,4,
3329,12,4,A,850,,5,1,1,
3330,12,4,A,850,,5,2,2,
3331,12,4,A,850,,5,3,3,
3332,12,4,A,850,,5,4,4,
3333,12,4,A,850,,6,1,1,
3334,12,4,A,850,,6,2,2,
3335,12,4,A,850,,6,3,3,
3336,12,4,A,850,,6,4,4,
3337,12,4,A,850,,7,1,1,
3338,12,4,A,850,,7,2,2,
3339,12,4,A,850,,7,3,3,
3340,12,4,A,850,,7,4,4,
3341,12,4,A,850,,8,1,1,
3342,12,4,A,850,,8,2,2,
3343,12,4,A,850,,8,3,3,
3344,12,4,A,850,,8,4,4,
3345,12,4,A,850,,9,1,1,
3346,12,4,A,850,,9,2,2,
3347,12,4,A,850,,9,3,3,
3348,12,4,A,850,,9,4,4,
3349,12,4,A,850,,10,1,1,
3350,12,4,A,850,,10,2,2,
3351,12,4,A,850,,10,3,3,
3352,12,4,A,850,,10,4,4,
3353,12,4,A,850,,11,1,1,
3354,12,4,A,850,,11,2,2,
3355,12,4,A,850,,11,3,3,
3356,12,4,A,850,,11,4,4,
3357,12,4,A,850,,12,1,1,
3358,12,4,A,850,,12,2,2,
3359,12,4,A,850,,12,3,3,
3360,12,4,A,850,,12,4,4,
3361,12,5,B,850,,1,1,1,
3362,12,5,B,850,,1,2,2,
3363,12,5,B,850,,1,3,3,
3364,12,5,B,850,,1,4,4,
3365,12,5,B,850,,2,1,1,
3366,12,5,B,850,,2,2,2,
3367,12,5,B,850,,2,3,3,
3368,12,5,B,850,,2,4,4,
3369,12,5,B,850,,3,1,1,
3370,12,5,B,850,,3,2,2,
3371,12,5,B,850,,3,3,3,
3372,12,5,B,850,,3,4,4,
3373,12,5,B,850,,4,1,1,
3374,12,5,B,850,,4,2,2,
3375,12,5,B,850,,4,3,3,
3376,12,5,B,850,,4,4,4,
3377,12,5,B,850,,5,1,1,
3378,12,5,B,850,,5,2,2,
3379,12,5,B,850,,5,3,3,
3380,12,5,B,850,,5,4,4,
3381,12,5,B,850,,6,1,1,
3382,12,5,B,850,,6,2,2,
3383,12,5,B,850,,6,3,3,
3384,12,5,B,850,,6,4,4,
3385,12,5,B,850,,7,1,1,
3386,12,5,B,850,,7,2,2,
3387,12,5,B,850,,7,3,3,
3388,12,5,B,850,,7,4,4,
3389,12,5,B,850,,8,1,1,
3390,12,5,B,850,,8,2,2,
3391,12,5,B,850,,8,3,3,
3392,12,5,B,850,,8,4,4,
3393,12,5,B,850,,9,1,1,
3394,12,5,B,850,,9,2,2,
3395,12,5,B,850,,9,3,3,
3396,12,5,B,850,,9,4,4,
3397,12,5,B,850,,10,1,1,
3398,12,5,B,850,,10,2,2,
3399,12,5,B,850,,10,3,3,
3400,12,5,B,850,,10,4,4,
3401,12,5,B,850,,11,1,1,
3402,12,5,B,850,,11,2,2,
3403,12,5,B,850,,11,3,3,
3404,12,5,B,850,,11,4,4,
3405,12,5,B,850,,12,1,1,
3406,12,5,B,850,,12,2,2,
3407,12,5,B,850,,12,3,3,
3408,12,5,B,850,,12,4,4,
3409,12,6,C,850,,1,1,1,
3410,12,6,C,850,,1,2,2,
3411,12,6,C,850,,1,3,3,
3412,12,6,C,850,,1,4,4,
3413,12,6,C,850,,2,1,1,
3414,12,6,C,850,,2,2,2,
3415,12,6,C,850,,2,3,3,
3416,12,6,C,850,,2,4,4,
3417,12,6,C,850,,3,1,1,
3418,12,6,C,850,,3,2,2,
3419,12,6,C,850,,3,3,3,
3420,12,6,C,850,,3,4,4,
3421,12,6,C,850,,4,1,1,
3422,12,6,C,850,,4,2,2,
3423,12,6,C,850,,4,3,3,
3424,12,6,C,850,,4,4,4,
3425,12,6,C,850,,5,1,1,
3426,12,6,C,850,,5,2,2,
3427,12,6,C,850,,5,3,3,
3428,12,6,C,850,,5,4,4,
3429,12,6,C,850,,6,1,1,
3430,12,6,C,850,,6,2,2,
3431,12,6,C,850,,6,3,3,
3432,12,6,C,850,,6,4,4,
3433,12,6,C,850,,7,1,1,
3434,12,6,C,850,,7,2,2,
3435,12,6,C,850,,7,3,3,
3436,12,6,C,850,,7,4,4,
3437,12,6,C,850,,8,1,1,
3438,12,6,C,850,,8,2,2,
3439,12,6,C,850,,8,3,3,
3440,12,6,C,850,,8,4,4,
3441,12,6,C,850,,9,1,1,
3442,12,6,C,850,,9,2,2,
3443,12,6,C,850,,9,3,3,
3444,12,6,C,850,,9,4,4,
3445,12,6,C,850,,10,1,1,
3446,12,6,C,850,,10,2,2,
3447,12,6,C,850,,10,3,3,
3448,12,6,C,850,,10,4,4,
3449,12,6,C,850,,11,1,1,
3450,12,6,C,850,,11,2,2,
3451,12,6,C,850,,11,3,3,
3452,12,6,C,850,,11,4,4,
3453,12,6,C,850,,12,1,1,
3454,12,6,C,850,,12,2,2,
3455,12,6,C,850,,12,3,3,
3456,12,6,C,850,,12,4,4,